7794008010828;1082;Maletín con Acuarelas Lol;820,09
7794008011023;1102;Colorear y Borrar Pixar;692,94
7794008011047;1104;Pizarra Bifaz Pixar;629,37
7794008011139;1113;Maletín con Acuarelas Pixar;820,09
7798149268421;2308;Pelota de Fútbol Grande;1.455,81
7794008034282;3428;Maletín con Acuarelas Vengadores;820,09
7794008034367;3436;Pizarra Bifaz Vengadores;629,37
7799031016465;5484;Cepillo de Pelo en Blister Toy Story;375,08
7799031022688;5928;Cepillo de Pelo en Cajita Minnie Risa;502,22
7799031022640;5932;Cepillo de Pelo en Cajita Mickey;502,22
7799031022633;5933;Cepillo de Pelo en Cajita Frozen;502,22
7799031022619;5935;Cepillo de Pelo en Cajita Princesas;502,22
7799031022589;5937;Cepillo de Pelo en Cajita Stitch Rosa;502,22
7799031022596;5938;Cepillo de Pelo en Cajita Stitch Celeste;502,22
7799031022503;5946;Cepillo de Pelo Huevito Minnie Lila;565,79
7799031022480;5948;Cepillo de Pelo Huevito Minnie Negro;565,79
6933796870134;6133;Cunero Musical Mono;1.010,81
6933796870622;6200;Sonajero Animalito con Cascabel;565,79
7794008063091;6309;Maletín con Acuarelas Peppa Pig;820,09
7794008063466;6346;Colorear y Borrar Peppa Pig;692,94
7794008006166;6616;Colorear y Borrar La Granja;692,94
7794008175695;7569;Maletín con Acuarelas Princesas;820,09
6933796874606;7647;Perro con Sonido 28 cm.;947,23
7794008076916;7691;Pizarra Bifaz Mickey;629,37
7794008076930;7693;Maletín con Acuarelas Mickey;820,09
7794008078385;7838;Colorear y Borrar Frozen;692,94
7794008078859;7885;Maletín con Acuarelas Frozen;820,09
7794008079382;7938;Pizarra Bifaz Toy Story;629,37
7794008093388;9338;Maletín con Acuarelas My Little Pony;820,09
7794008099809;9980;Maletín con Acuarelas Paw Patrol;820,09
7794008006197;10619;Maletín con Acuarelas La Granja;820,09
7799031015369;11073;Cepillo de Pelo en Blister Peppa Pig;375,08
7794008011412;11141;Colorear y Borrar Disney Junio;692,94
7799035011343;11343;Minnie 60 cm.;6.039,41
7799035011350;11350;Mickey 60 cm.;6.039,41
7799035011367;11367;Pluto 35 cm.;3.496,50
7799035011374;11374;Daisy 35 cm.;3.496,50
7799035011381;11381;Donald 35 cm.;3.496,50
7799035011367;11398;Minnie 35 cm.;3.496,50
7799035011404;11404;Mickey 35 cm.;3.496,50
7798391140056;14005;Vaso Largo con Sorbete My Little Pony;336,93
7790752267907;26790;Mickey 80 cm.;7.310,87
7790752267914;26791;Minnie 80 cm.;7.310,87
7798343350182;35018;Caja Sandwich Frozen;356,00
7798343351721;35172;Plato Playo La Granja;298,79
7798343351837;35183;Vaso Largo con Sorbete La Granja;336,93
7798343351851;35185;Taza Plástica La Granja;241,57
7798343351899;35189;Caja Sandwich La Granja;356,00
7798343351905;35190;Lonchera La Granja;629,37
7798343352292;35229;Plato Playo Paw Patrol;298,79
7798343352407;35240;Vaso Largo con Sorbete Paw Patrol;336,93
7798343352421;35242;Taza Plástica Paw Patrol;241,57
7798343352469;35246;Caja Sandwich Paw Patrol;356,00
7798343352476;35247;Lonchera Paw Patrol;629,37
7798343352674;35267;Plato Playo Mickey;298,79
7798343352780;35278;Vaso Largo con Sorbete Mickey;336,93
7798343352803;35280;Taza Plástica Mickey;241,57
7798343352841;35284;Caja Sandwich Mickey;356,00
7798343352858;35285;Lonchera Mickey;629,37
7798343352865;35286;Plato Playo Minnie;298,79
7798343352971;35297;Vaso Largo con Sorbete Minnie;336,93
7798343352995;35299;Taza Plástica Minnie;241,57
7798343353039;35303;Caja Sandwich Minnie;356,00
7798343353046;35304;Lonchera Minnie;629,37
7798343353053;35305;Plato Playo Princesas;298,79
7798343353169;35316;Vaso Largo con Sorbete Princesas;336,93
7798343353183;35318;Taza Plástica Princesas;241,57
7798343353220;35322;Caja Sandwich Princesas;356,00
7798343353237;35323;Lonchera Princesas;629,37
7798343353350;35335;Vaso Largo con Sorbete Cars;336,93
7798343353374;35337;Taza Plástica Cars;241,57
7798343353411;35341;Caja Sandwich Cars;356,00
7798343353435;35343;Plato Playo Toy Story;298,79
7798343353541;35354;Vaso Largo con Sorbete Toy Story;336,93
7798343353565;35356;Taza Plástica Toy Story;241,57
7798343353602;35360;Caja Sandwich Toy Story;356,00
7798343353619;35361;Lonchera Toy Story;629,37
7798343354579;35457;Plato Playo Lol;298,79
7798343354685;35468;Vaso Largo con Sorbete Lol;336,93
7798343354708;35470;Taza Plástica Lol;241,57
7798343354746;35474;Caja Sandwich Lol;356,00
7798343354753;35475;Lonchera Lol;629,37
7798343355378;35537;Plato Playo Peppa Pig;298,79
7798343355460;35546;Vaso Largo con Sorbete Peppa Pig;336,93
7798343355484;35548;Taza Plástica Peppa Pig;241,57
7798343355521;35552;Caja Sandwich Peppa Pig;356,00
7798343355538;35553;Lonchera Peppa Pig;629,37
7798343356528;35652;Botella x 500 ml. Princesas;629,37
7798343356535;35653;Botella x 500 ml. Lol;629,37
7798343356542;35654;Botella x 500 ml. Cars;629,37
7798343356559;35655;Botella x 500 ml. Peppa Pig;629,37
7798343356573;35657;Botella x 500 ml. La Granja;629,37
7798343356580;35658;Botella x 500 ml. Mickey;629,37
7798343356597;35659;Botella x 500 ml. Minnie;629,37
7798343356603;35660;Botella x 500 ml. Paw Patrol;629,37
7798343356641;35664;Botella x 500 ml. Toy Story;629,37
7798343356719;35671;Vaso Largo con Sorbete Baby Shark;336,93
7798343356757;35675;Botella x 500 ml. Baby Shark;629,37
7798343356955;35695;Lonchera Baby Shark;629,37
7798343358003;35800;Plato Playo My Little Pony;298,79
7798343358058;35805;Taza Plástica My Little Pony;241,57
7798343359130;35913;Lonchera My Little Pony;629,37
7798343359772;35977;Caja Sandwich My Little Pony;356,00
7798343333172;40317;Plato Playo Frozen;298,79
7798343383171;48317;Taza Plástica Frozen;241,57
815787020963;55658;Colgante Animalito;890,02
815787020567;55711;Cunero Musical Pulpo;1.335,02
7799031022718;55925;Cepillo de Pelo en Cajita Minnie Lila;502,22
7799031022459;55951;Cepillo de Pelo Huevito Frozen;565,79
7799031022435;55953;Cepillo de Pelo Huevito Princesas;565,79
815787025081;57274;Agarre Animalitos con Mordillo;438,65
815787025104;57308;Agarre Osito;603,94
815787026217;57957;Agarre Sonajero Animalitos;629,37
815786680847;68084;Agarre Bastón con Mordillo;629,37
815787027689;68215;Cunero Musical Animalito ;1.144,31
7798096051022;05102;Esponja Rectangular Mediana x 2 unidades;48,97
7798096051046;05104;Esponja Rectangular Grande;30,61
7798096051053;05105;Esponja Hueso;48,97
7798096051060;05106;Esponja Ovalada;48,97
7798096051084;05108;Esponja Redonda;48,97
7798096051206;05120;Esponja Vegetal;104,07
7798096051213;05121;Esponja Vegetal Seleccionada;67,34
7798096051244;05124;Esponja Ovalada con Vegetal;128,56
7798096051251;05125;Manopla con Toalla Vegetal;171,41
7798096051275;05127;Disco Masajeador con Vegetal;140,80
7798096051282;05128;Guante Exfoliante;165,29
7798096051411;05141;Esponja Ovalada Soft Massage;61,22
7798096051428;05142;Esponja Rectangular Soft Massage;55,10
7798096051435;05143;Esponja Hueso Soft Massage;61,22
7798096051459;05145;Esponja Hueso Bicolor;55,10
7798096051503;05150;Esponja Pom-Pom Exfoliante;122,44
7798096051534;05153;Esponja de Fibra Exfoliante;128,56
7798096053217;05321;Doy Pack Aloe Vera y Té Verde;67,34
7798096053224;05322;Doy Pack Hidratante;67,34
7798096053231;05323;Doy Pack Coco;67,34
7798096053248;05324;Doy Pack Antibacterial;67,34
7798096053255;05325;Doy Pack Maracuyá;67,34
7798096053262;05326;Doy Pack Flores Blancas;67,34
7798096053279;05327;Doy Pack Orquideas;67,34
7798096055112;05511;Repuesto Cera Natural;226,51
7798096055126;05512;Repuesto Cera Vegetal;226,51
7798096055211;05521;Lata Cera Natural con Lanolina;336,70
7798096055228;05522;Lata Cera Vegetal con Lanolina;336,70
7798096056010;05601;Jabón Líquido Jojoba;116,31
7798096056027;05602;Jabón Líquido Aloe Vera;116,31
7798096056034;05603;Jabón Líquido Humectante;116,31
7798096056041;05604;Jabón Líquido Cremoso;116,31
7798096056058;05605;Jabón Líquido Antibacterial    ;116,31
7798096056065;05606;Jabón Líquido Glicerina y Miel;116,31
7798096056072;05607;Jabón Líquido Leche;116,31
7798096056218;05621;Doy Pack Jojoba;67,34
7798096056256;05625;Doy Pack Antibacterial;67,34
7798096056263;05626;Doy Pack Glicerina y Miel;67,34
7798096056270;05627;Doy Pack Leche;67,34
7798096056461;05646;Alcohol en Gel Neutro x 200 ml.;116,31
7798096056812;05681;Jabón Glicerina Neutro x 120 grs.;61,22
7798096056850;05685;Jabón Glicerina Perfumado Pack x 3 unidades;122,44
7798096056898;05689;Jabón de Coco x 100 grs.;61,22
7798096056980;05698;Jabón de Glicerina Neutro Antibacterial;55,10
7798096056997;05699;Jabón de Glicerina Neutro Pack x 3 unidades;122,44
7798096057215;05721;Espuma de Baño x 200 ml. ;97,95
7798096057222;05722;Espuma de Baño x 200 ml.;97,95
7798096057246;05724;Espuma de Baño x 200 ml.;97,95
7798096057253;05725;Espuma de Baño x 200 ml.;97,95
7798096057710;05771;Sal de Baño Pétalos de Rosas x 250 grs. ;104,07
7798096057727;05772;Sal de Baño Manzanilla y Caléndula x 250 grs. ;104,07
7798096057741;05774;Sal de Baño Hierbas x 250grs. ;104,07
7798096057758;05775;Sal de Baño Lavanda x 250 grs. ;104,07
7798096059202;05920;Aromatizante para la Ropa y Hogar Vainilla x 310 ml.;177,53
7798096059219;05921;Aromatizante para la Ropa y Hogar Tilo x 310 ml.;177,53
7798096059226;05922;Aromatizante para la Ropa y Hogar Bebé x 310 ml.;177,53
7798096059233;05923;Aromatizante para la Ropa y Hogar Pomelo x 310 ml.;177,53
7798096059240;05924;Aromatizante para la Ropa y Hogar Flor de Azhar x 310 ml.;177,53
7798096059257;05925;Aromatizante para la Ropa y Hogar Maracuyá x 310 ml.;177,53
7798096059714;05971;Agua de Colonia x 200 ml. Heno;134,68
7798096059721;05972;Agua de Colonia x 200 ml. Rosas;134,68
7798096059738;05973;Agua de Colonia x 200 ml. Floral;134,68
7798096059745;05974;Agua de Colonia x 200 ml. Fresca;134,68
7798096059813;05981;Agua de Colonia x 500 ml. Heno;244,87
7798096059820;05982;Agua de Colonia x 500 ml. Rosas;244,87
7798096059837;05983;Agua de Colonia x 500 ml. Floral;244,87
7798096059844;05984;Agua de Colonia x 500 ml. Fresca;244,87
7793970100209;10020;Succionador de Leche Manual;2.032,45
7793970100261;10026;Succionador de Leche Manual a Gatillo;5.723,91
7793970100308;10030;Pezonera de Silicona x 2 unidades;789,72
7798156550298;10298;Perfume x 50 ml. con Atomizador Aurora;394,15
7798156550328;10328;Perfume x 50 ml. con Atomizador Cenicienta;394,15
7793970121761;12176;Limpiabiberón con Mango Blanco;410,16
7793970121808;12180;Esterilizador para Microondas;1.101,93
7793970121815;12181;Portamamadera de Neoprene;1.163,15
7793970124212;12421;Mamadera 250 ml. con dos Tetina Caucho T.1;238,75
7793970124229;12422;Mamadera 250 ml. con dos Tetina Caucho T.2;238,75
7793970132415;13241;Juguera 125 ml. Tomasolito Talle 1;673,40
7793970134419;13441;Biberón de Vidrio 250 ml.;887,66
7793970135829;13582;Mamadera 250 ml. Tomasolito Talle 2;704,01
7793970136246;13624;Biberón Boca Ancha Tetina de Silicona Talle 1;789,72
7793970136253;13625;Biberón Boca Ancha Tetina de Silicona Talle 2;789,72
7793970136260;13626;Biberón Boca Ancha Tetina de Silicona Talle 3;789,72
7793970136314;13631;Biberón Boca Ancha x 125 ml.;550,96
7793970136420;13642;Biberón Boca Ancha x 125 ml. Tetina Silicona Talle 2;544,84
7793970136611;13661;Juguera 125 ml. Tetina Silicona Talle 1;550,96
7793970137014;13701;Biberón Boca Ancha x 300 ml. Tritán Talle 1;1.010,10
7793970137021;13702;Biberón Boca Ancha x 300 ml. Tritán Talle 2;1.010,10
7793970137212;13721;Biberón x 250 ml. Boca Ancha con Asas Talle 1;826,45
7793970137229;13722;Biberón x 250 ml. Boca Ancha con Asas Talle 2;826,45
7793970137236;13723;Biberón x 250 ml. Boca Ancha con Asas Talle 3;826,45
7793970137618;13761;Mamadera Tetina de Silicona Talle 1;544,84
7793970137625;13762;Mamadera Tetina de Silicona Talle 2;544,84
7793970137632;13763;Mamadera Tetina de Silicona Talle 3;544,84
7793970141615;14161;Tetina de Silicona Talle 1 en cajita;257,12
7793970141622;14162;Tetina de Silicona Talle 2 en cajita;257,12
7793970141639;14163;Tetina de Silicona Talle 3 en cajita;257,12
7793970143114;14311;Tetina Boca Ancha con Válvula Anticólico Talle 1;575,45
7793970143121;14312;Tetina Boca Ancha con Válvula Anticólico Talle 2;575,45
7793970143138;14313;Tetina Boca Ancha con Válvula Anticólico Talle 3;575,45
7793970143213;14321;Tetina Boca Ancha Soft x 2 unidades Talle 1;575,45
7793970143220;14322;Tetina Boca Ancha Soft x 2 unidades Talle 2;575,45
7793970143237;14323;Tetina Boca Ancha Soft x 2 unidades Talle 3;575,45
7793970143312;14331;Tetina Boca Ancha Talle 1 en cajita;293,85
7793970143329;14332;Tetina Boca Ancha Talle 2 en cajita;293,85
7793970143336;14333;Tetina Boca Ancha Talle 3 en cajita;293,85
7793970143510;14351;Tetina Boca Ancha de Silicona en Estuche Talle 1;293,85
7793970143527;14352;Tetina Boca Ancha de Silicona en Estuche Talle 2;293,85
7793970143534;14353;Tetina Boca Ancha de Silicona en Estuche Talle 3;293,85
7793970196288;19628;Bowl con Sopapa + Cubiertos + Vaso Bebetodo;765,22
7798156551981;1981;Petaca Maquillaje Princesas;445,01
7798113110527;22052;Cepillo Kids 8 años en adelante;165,29
7798113110657;22065;Cepillo Pato Kids 4 / 6 años;146,92
7798113110794;22079;Cepillo Escarabajo con Sacapuntas 4 / 6 años;159,17
7798113110831;22083;Cepillo Dinosaurio 4 / 6 años;140,80
7798113110978;22097;Cepillo Autito de Carrera 4 / 8 años;140,80
7798113111302;22130;Cepillo Didáctico 2 / 4 años;153,05
7798113111388;22138;Cepillo Osito 6 / 24 meses;146,92
7798113112323;22232;Cepillo Gusanito 2 / 4 años;165,29
7798113113122;22312;Cepillo Dog 6 / 10 años;153,05
7793970251017;25101;Plato Térmico con Juego de Cubiertos;1.652,89
7793970251208;25120;Cubiertos Plástico ;306,09
7793970251468;25146;Bowl con Tapa y Cucharita;1.561,07
7793970251505;25150;Vaso Antiderrame con Asas x 250 ml.;857,06
7793970251529;25152;Set de Transición 3 en 1;1.769,21
7793970251574;25157;Cucharitas para Bowl ;734,62
7793970251611;25161;Pico de Silicona Boca Ancha x 2 unidades;489,75
7793970251673;25167;Dosificador de Leche en Polvo;1.095,81
7793970251703;25170;Tazón con Sopapa y Cubiertos;581,57
7798156550304;304;Perfume x 50 ml. con Atomizador Bella;394,15
7793970308513;30851;Chupete Todo Silicona Anatómico Talle 1;416,28
7793970308520;30852;Chupete Todo Silicona Anatómico Talle 2;416,28
7793970308537;30853;Chupete Todo Silicona Anatómico Talle 3;416,28
7793970308605;30860;Chupete Todo Silicona Redondo Talle 1;416,28
7793970308629;30862;Chupete Todo Silicona Redondo Talle 2;416,28
7793970310103;31010;Chupete con Capuchón Tetina Látex Redondo Prematuro;355,07
7798156550311;311;Perfume x 50 ml. con Atomizador Blancanieves;394,15
7793970316112;31611;Chupete Luminoso de Látex Anatómico Talle 1;355,07
7793970316129;31612;Chupete Luminoso de Látex Anatómico Talle 2;355,07
7793970316136;31613;Chupete Luminoso de Látex Anatómico Talle 3;355,07
7793970320218;32021;Chupete Tetina Silicona Redondo Luminoso Talle 1;471,38
7793970320225;32022;Chupete Tetina Silicona Redondo Luminoso Talle 2;471,38
7793970320416;32041;Chupete 2x1 Anatómico Talle 1;550,96
7793970320928;32092;Chupete Borde de Goma Redondo Talle 2;183,65
7793970324018;32401;Chupete Silicona Anatomico Talle 1 Luminoso;471,38
7793970324025;32402;Chupete Silicona Anatomico Talle 2 Luminoso;471,38
7793970324032;32403;Chupete Silicona Anatomico Talle 3 Luminoso;471,38
7793970326012;32601;Chupete Anatómico Tetina Silicona Talle 1 Económico;385,67
7793970326029;32602;Chupete Anatómico Tetina Silicona Talle 2 Económico;385,67
7793970326036;32603;Chupete Anatómico Tetina Silicona Talle 3 Económico;385,67
7793970326111;32611;Chupete Anatómico Tet. Silicona en Caja Talle 1;263,24
7793970326128;32612;Chupete Anatómico Tet. Silicona en Caja Talle 2;263,24
7793970326135;32613;Chupete Anatómico Tet. Silicona en Caja Talle 3;263,24
7798343351738;35173;Bowl Cerealero La Granja;228,86
7798343352308;35230;Bowl Cerealero Paw Patrol;228,86
7798343352681;35268;Bowl Cerealero Mickey;228,86
7798343352872;35287;Bowl Cerealero Minnie;228,86
7798343353060;35306;Bowl Cerealero Princesas;228,86
7798343353244;35324;Plato Playo Cars;298,79
7798343353251;35325;Bowl Cerealero Cars;228,86
7798343353442;35344;Bowl Cerealero Toy Story;228,86
7798343354586;35458;Bowl Cerealero Lol;228,86
7798343355385;35538;Bowl Cerealero Peppa Pig;228,86
7798343356740;35674;Bowl Cerealero Baby Shark;228,86
7798343357174;35717;Bowl Cerealero My Little Pony;228,86
7798156553640;3640;Perfume Carroza Cenicienta x 100 ml.;2.701,84
7793970371395;37139;Mordillo de Silicona;606,06
7793970371760;37176;Mordillo Refrigerante;581,57
7798327342103;42103;Perfume con Atomizador x 50 ml. Stitch;731,09
7798327342745;42745;Perfume x 120 ml.Toy Story con Forky de Regalo;540,36
7798327344107;44107;Perfume con Atomizador x 50 ml. Pixar;731,09
7798327344138;44138;Perfume con Atomizador x 50 ml. Lol con Stickers;629,37
7798096054429;4429;Repelente para Insectos Fragancia Lavanda x 120 ml.;214,26
7798327346330;46330;Perfume con Atomizador x 50 ml. My Little Pony;692,94
7798327346545;46545;Perfume con Atomizador x 50 ml. Batman;794,64
7798156551141;5114;Perfume x 100 ml. Mickey Baby;953,59
7798156551158;5115;Perfume x 100 ml. Minnie Baby;953,59
7453002751297;51297;Bolsa Mediana Ecológica Mickey - Pooh;127,15
7793970550219;55021;Esponja de Baño x 1 unidad;183,65
7793970550707;55070;Cepillo y Peine   ;704,01
7793970550813;55081;Tijerita para Uñas;459,14
7793970550837;55083;Set Tijerita y Alicate ;826,45
7793970550882;55088;Alicate con Soporte;404,04
7793970550936;55093;Cepillo Dedal de Silicona;287,73
7793970551094;55109;Jabón de Glicerina x 90 grs.;119,01
7793970551117;55111;Toallitas Húmedas x 50 unidades;284,30
7793970551124;55112;Óleo Calcáreo x 200 ml. ;211,57
7793970551148;55114;Shampoo x 200 ml.;211,57
7793970551209;55120;Toallitas Húmedas con Aloe Vera y Manzanilla x 48 unidades;134,23
7793970551216;55121;Colonia para Bebé x 200 ml.;264,46
7793970551223;55122;Colonia para Bebé en Frasco de Vidrio x 105 ml.;542,15
7793970551247;55124;Acondicionador x 200 ml.;211,57
7793970551261;55126;Shampoo Manzanilla x 200 ml.;211,57
7793970551285;55128;Acondicionador Manzanilla x 200 ml.;211,57
7793970551315;55131;Crema Humectante para Bebé x 200 ml.;264,46
7793970551346;55134;Alcohol en Gel x 70 ml.;125,62
7793970551377;55137;Hisopos en Pote x 125 unidades;198,35
7793970701000;70100;Aspirador Nasal;483,62
7793970702861;70286;Prendedor con Cadenita;134,68
7793970702908;70290;Prendedor con 1 Cinta;428,53
7793970702953;70295;Prendedor con Cadenita;428,53
7798121757431;7431;Perfume x 100 ml. Manzanita Blancanieves;1.112,52
7798121758162;8162;Zapatito Cenicienta x 20 ml.;1.017,16
7798156558799;8799;Petaca Maquillaje Princesas;445,01
7798214895040;95040;Perfume x 50 ml. Cars;413,22
7798214895057;95057;Perfume x 50 ml. Toy Story;413,22
7798214895064;95064;Perfume x 50 ml. Minnie;413,22
7798214895088;95088;Perfume x 50 ml. Peppa Pig;413,22
7798214895095;95095;Perfume x 50 ml. Mickey;413,22
7798214899109;99109;Esmaltes Princesas ;203,43
7798214899116;99116;Labiales Princesas ;203,43
