OC1;MAGIA Crema Colorante Capilar con Aceite de Argán | Sobre x50g | Caja x6u. ;477,47;644,58;
OC6;Kit Color - Coloración + Oxidante V.20 + Puntitas Fashion + Tutti Cana + Guantes ;759,86;1025,81;
OC3;Crema Colorante - Línea Cielo Color | Sobre x 50 grs.;491,06;662,93;
OC9;Crema Oxidante Hierbas - 20Vol | Sobre x 50 grs. ;84,83;114,52;7798008960022
OC148;Crema Oxidante Hierbas - 30Vol | Sobre x 50 grs. ;84,83;114,52;7798008960091
OC164;Crema Oxidante Hierbas - 40Vol | Sobre x 50 grs. ;84,83;114,52;7798008969896
OC10;Tutti Cana - Ablandador de Canas | Sobre x10cm³ | Caja x 48u.;127,45;172,06;7798008961944
OC12;Polvo decolorante | Sobre x15g | Caja x12u.;165,96;224,05;7798008960664
OC13;Polvo decolorante | Sobre x30g | Caja x10u.;263,77;356,09;7798008960039
OC165;Polvo decolorante CIELO COLOR | Sobre x 30 grs. ;263,77;356,09;7798008969902
OC14;Polvo decolorante | Sobre x70g | Caja x12u.;497,91;672,18;7798008967991
OC166;Polvo decolorante CIELO COLOR | Sobre x 70 grs. ;497,91;672,18;7798008969919
OC15;Polvo decolorante | Pote x700g;2616,99;3532,94;7798008962316
OC147;Powerizer - Linea Cielo Color | Sobre x 10 grs - caja x 18 unid;96,18;129,84;7798008969834
OC149;Pastel Effect - Linea Cielo Color | Sobre x 10 grs - caja x18 unid;96,18;129,84;7798008969858
OC146;Acid Cream - Linea Cielo Color | Sobre x 25 grs - caja x 12 unid;123,11;166,2;7798008969872
OC17;Aceite de Argan | Sobre x10cm³ | Caja x48u.;254,48;343,55;7798008963122
OC182;Aceite de Argan | Frasco x 60 grs.  ;1060,17;1431,23;7798382382052
OC18;Aceite de Almendras | Sobre x10cm³ | Caja x48u.;125,22;169,05;7798008961937
OC19;Aceite de Almendras | Frasco x60cm³ | Caja x6u.;622,06;839,78;7798008960848
OC20;Aceite de Coco con Quinoa | Sobre x10cm³ | Caja x48u. ;141,38;190,86;7798008968004
OC183;Aceite de Coco con Quinoa | Frasco x 60 grs.  ;757,27;1022,31;7798382382083
OC22;Shampoo Neutro - Pre tratamiento | Sobre x10g | Caja x48u. ;80,79;109,07;7798008964181
OC23;Alisado Express - Shampoo Alisante | Sobre x50g | Caja x10u. ;646,28;872,48;7798008968349
OC24;Alisado Express - Crema Mantenimiento | Sobre x50g | Caja x10u.;511,64;690,71;7798008968363
OC25;Shampoo Blonde | Sobre x10g | Caja x48u. ;107,72;145,42;7798008968325
OC197;Blonde Power Shampoo | Frasco x 250ml ;1211,26;1635,2;7798382382281
OC178;Blonde Power Shampoo | Doypack x 250 grs  ;1212,44;1636,79;7798008964662
OC26;Puntitas Fashion - Crema Ácida | Sobre x20g | Caja x 48u. ;128,3;173,21;7798008961920
OC27;Puntitas Fashion - Crema Ácida | Pote x250g ;1282,96;1732;7798008964075
OC174;Puntitas Fashion - Crema Ácida | Doypack x 250 grs. ;1023,74;1382,05;7798008964655
OC198;Puntitas Restaurador | Pomo x 15ml ;406,62;548,94;7798382381871
OC29;Socorro Capilar - Tratamiento Múltiple Acción | Frasco x60cm³ | Caja x6u. ;761,69;1028,28;7798008967731
OC30;Socorro Capilar - Tratamiento Múltiple Acción | Sobre x10cm³ | Caja x48u. ;142,34;192,16;7798008967762
OC199;Socorro Capilar - Tratamiento Sin Enjuague | Pomo x 120 grs ;1341,84;1811,48;7798382382205
OC248;Socorro Capilar 2 - Con enjuague | Pote x 250 grs. HASTA AGOTAR STOCK;1060,73;1431,99;
OC200;Spray Bifásico 12 en 1 - Tratamiento Multinutritivo | Frasco x 200ml ;2243,89;3029,25;7798382383219
OC207;Óleo Capilar 12 en 1 - Frasco x 30ml ;1652,99;2231,54;7798382383271
OC36;Cicatrihair -  Keratina y Argan | Sobre x25g | Caja x24u.;154,85;209,05;7798008968592
OC179;Cicatrihair - Keratina y Argan | Pote x 250 grs. ;1396,65;1885,48;7798382380591
OC184;Cicatrihair - Keratina y Argan | DoyPack x 250 grs ;1256,39;1696,13;7798382380621
OC37;Cicatrihair -  Keratina y Ácido Hialuronico | Sobre x25g | Caja x24u.;154,85;209,05;7798008968608
OC180;Cicatrihair - Keratina y Ácido Hialuronico | Pote x 250 grs.;1396,65;1885,48;7798382380607
OC185;Cicatrihair - Keratina y Ácido Hialuronico | DoyPack x 250 grs ;1256,39;1696,13;7798382380638
OC38;Cicatrihair -  Keratina y Macadamia | Sobre x25g | Caja x24u.;154,85;209,05;7798008968585
OC181;Cicatrihair - Keratina y Macadamia | Pote x 250 grs.;1396,65;1885,48;7798382380614
OC186;Cicatrihair - Keratina y Macadamia | DoyPack x 250 grs ;1256,39;1696,13;7798382380645
OC144;EFECTO EXTENSIONES. SOBRE X 10grs. SIN ENJUAGUE - CAJA X48;142,34;192,16;7798008969421
OC143;EFECTO EXTENSIONES. SOBRE X 25grs. CON ENJUAGUE - CAJA X 24;173,12;233,71;7798008969308
OC154;Efecto Extensiones - Shampoo - Frasco 250 grs.;696,29;939,99;7798008969322
OC155;Efecto Extensiones - Acondicionador - Frasco 250 grs.;757,85;1023,1;7798008969339
OC156;Efecto Extensiones - Tratamiento I Pote x 250 grs.;1231,03;1661,89;7798008969346
OC158;Efecto Extensiones - Sin Enjuague - Pomo x 150 grs;765,55;1033,49;7798008969445
OC57;Keratina en Crema - Tratamiento Reparador | Sobre x25g | Caja x24u.;150,42;203,07;7798008963955
OC58;Keratina en Crema - Tratamiento Reparador | Pote x250g;1251,99;1690,19;7798008963948
OC175;Keratina en Crema - Tratamiento Reparador | Doypack x 250 grs. ;954,33;1288,35;7798008964624
OC59;Keratina en Crema - Shampoo Tratamiento Reparador | Frasco x250g;800,74;1081;7798008963979
OC177;Keratina en Crema - Shampoo Tratamiento Reparador | Doypack x 250 grs. ;579,42;782,22;7798008964631
OC60;Keratina en Crema - Acondicionador Tratamiento Reparador | Frasco x250g;871,52;1176,55;7798008963986
OC176;Keratina en Crema - Acondicionador Tratamiento Reparador | Doypack x 250 grs. ;625,9;844,97;7798008964648
OC167;Keratina Extra Acida sin enjuague | Sobre x 10 grs.;142,34;192,16;7798008964594
OC62;Minuto Cero - Reparación capilar de uso diario | Sobre x25g | Caja x24u.;154,85;209,05;7798008964037
OC63;Minuto Cero - Reparación capilar de uso diario | Pote x 250g ;1269,69;1714,08;7798008964020
OC173;Minuto Cero - Reparación capilar de uso diario | Doypack x 250 grs. ;960,52;1296,7;7798008964617
OC64;Minuto Cero - Shampoo reparación capilar de uso diario | Frasco x 250g;800,74;1081;7798008964051
OC65;Minuto Cero - Acondicionador reparación capilar de uso diario | Frasco x 250g;871,52;1176,55;7798008964068
OC187;Crema Capilar de Argán & Keratina | Sobre x 25grs.   ;154,85;209,05;7798382381741
OC188;Crema Capilar de Argán & Keratina | Doypack x 250grs.  ;960,52;1296,7;7798382381765
OC189;Crema Capilar de Argán & Keratina | Pote x 250grs. ;1269,69;1714,08;7798382381772
OC190;Crema Capilar de Argán & Keratina | Shampoo x 410ml. ;1192,74;1610,2;7798382381789
OC191;Crema Capilar de Argán & Keratina | Acondicionador x 410ml.  ;1192,74;1610,2;7798382381796
OC192;Oleo en Crema Aceite de Coco y Almendras | Sobre x 25grs.  ;154,85;209,05;7798382381840
OC193;Oleo en Crema Aceite de Coco y Almendras | Doypack x 250grs.  ;960,52;1296,7;7798382381833
OC194;Oleo en Crema Aceite de Coco y Almendras | Pote x 250grs.  ;1269,69;1714,08;7798382381826
OC195;Oleo en Crema Aceite de Coco y Almendras | Shampoo x 410ml.  ;1192,74;1610,2;7798382381819
OC196;Oleo en Crema Aceite de Coco y Almendras | Acondicionador x 410ml.  ;1192,74;1610,2;7798382381802
OC67;Efecto Photoshop - Cabello de revista en tu casa - Mascara con enjuague | Sobre x25g | Caja x24u.;123,11;166,2;7798008967854
OC201;Efecto Photoshop - Crema para peinar | Pomo x 150 grs. RE;765,55;1033,49;7798008967885
OC68;Efecto Photoshop - Cabello de revista en tu casa - Mascara con enjuague | Pote x250g;1004,05;1355,47;7798008967878
OC203;Rubio Poderoso - Spray Enrubiecedor | Frasco x 180ml ;851,96;1150,15;7798382382250
OC204;Rubio Poderoso - Shampoo Iluminador | Frasco x 250ml ;685,27;925,11;7798382382229
OC205;Rubio Poderoso - Acondicionador Iluminador | Frasco x 250ml ;685,27;925,11;7798382382236
OC206;Rubio Poderoso - Máscara Capilar Enrubiecedora | Pote x 250grs ;1055,69;1425,18;7798382382243
OC71;Espanta Piojos - Repelente para piojos | Frasco x60cm³ | Caja x6u. ;468,95;633,08;7798008967595
OC72;Dr.Wil - Piojicida | Sobre x25g | Caja x 12u.;376,04;507,65;7798008960145
OC84;Máscara Facial Tela - Energizante | Sachet x20g | Caja x 12u.;457,79;618,02;7798008968509
OC85;Máscara Facial Tela - Espinillas | Sachet x20g | Caja x 12u.;457,79;618,02;7798008968486
OC86;Máscara Facial Tela - Hidratante | Sachet x20g | Caja x 12u.;457,79;618,02;7798008968462
OC104;Máscara Facial Tela - Primer | Sachet x 20 grs. ;457,79;618,02;7798008968905
OC97;Mascara Facial GLOW - Yoga Relax | Sachet x20g | Caja x 24 u. ;565,51;763,44;7798008968738
OC98;Mascara Facial GLOW -  Clay - Vegan | Sachet x 20g | Caja x24 u. ;334,68;451,82;7798008968745
OC99;Mascara Facial GLOW - Anti Age - Hyaluronic Acid |Sachet x 20g | Caja x24 u. ;334,68;451,82;7798008968707
OC87;Mascara Facial Peel Off - Anti Edad | Sachet x20g | Caja x24u.;334,68;451,82;7798008968547
OC88;Mascara Facial Peel Off - Oxigenadora | Sachet x20g | Caja x24u.;396,23;534,91;7798008968561
OC89;Mascara Facial Peel Off - Efecto Detox | Sachet x20g | Caja x24u.;396,23;534,91;7798008968523
OC244;Máscara Facial Peel Off - Anti Edad | Sachet x 20 grs.;396,23;534,91;
OC245;Máscara Facial Peel Off - Oxigenadora | Sachet x 20 grs. ;396,23;534,91;
OC246;Máscara Facial Peel Off - Efecto Detox | Sachet x 20 grs. ;396,23;534,91;
OC247;Máscara Facial - HydraPlex  Malbec  | Sobre x 20 grs.;334,68;451,82;
OC169;Depilove Cuerpo -Sobre x 30 Grs.;153,87;207,72;7798008964709
OC170;Depilove Hombre -Sobre x 30 Grs.;153,87;207,72;7798008964723
OC171;Depilove Intimo -Sobre x 30 Grs.;153,87;207,72;7798008964747
OC172;Depilove Rostro -Sobre x 10 Grs.;57,71;77,91;7798008964761
OC208;Crema Corporal - Hidratante | Pomo x 250grs   NUEVO;581,65;785,23;7798382383134
OC209;Crema Corporal - Reafirmante | Pomo x 250 grs    NUEVO;581,65;785,23;7798382383141
OC210;Crema Corporal - Nutrición | Pomo x 250 grs    NUEVO;581,65;785,23;7798382383158
OC212;KIT Felicidades ;1850,24;2497,82;
OC213;KIT Plan Verano ;1479,82;1997,76;
OC214;Kit Balayage Magia Otowil Cálido T9;1850,24;2497,82;
OC215;;;;
OC216;Agua Miceral Glow - 150 ml;667,92;901,69;
OC217;Bruma Booster Glow - 60 ml;1029,71;1390,11;
OC218;Bruma Booster Pepino - 60 ml.;1029,71;1390,11;
OC219;Serum Drops - 30 ml;967,09;1305,57;
OC220;Primer iluminador - Aplicador facial - 30 ml;965,7;1303,7;
OC221;Primer iluminador Mate - Aplicador facial - 30 ml;965,7;1303,7;
OC222;Crema Facial - 50 ml.;1189,73;1606,14;
OC223;Scrub de labios Menta - 10 grs;445,28;601,13;
OC224;Scrub de labios Frutilla - 10 grs.;445,28;601,13;
OC225;Scrub de labios Chocolate - 10 grs.;445,28;601,13;
OC226;Agua Micelar Hyalurónico 4D DrJoo - 150ml;768,11;1036,95;
OC227;Bruma Spray Arándanos - 60 ml.;1184,17;1598,63;
OC228;Serum con ácido hialurónico Droopp - 30 ml;1184,17;1598,63;
OC229;Contorno de ojos Gel Dropper DrJoo -  30 ml;1110,56;1499,26;
OC230;Crema Anti Age - Ácido hialurónico 4D DrJoo - 50 ml;1368,19;1847,06;
OC231;Scrub para labios - Vainilla DrJoo - 10 Grs.;512,07;691,29;
OC232;Scrub para manos y escote - Vainilla - DrJoo - 15 ml.;1111,81;1500,94;
OC233;Carta de Color – Díptica Pelos;9462,2;12773,97;
OC234;Carta Cielo Color Mechas - 2022;9462,2;12773,97;
OC235;Anabolic Maxx - Mascara Capilar | Sobre x 25 grs.   HASTA AGOTAR STOCK ;140,11;189,15;
OC236;Anabolic Maxx - Mascara Capilar | Pote x 250 grs. HASTA AGOTAR STOCK ;999,6;1349,46;
OC237;Anabolic Maxx - Shampoo |Frasco x 250 grs.  HASTA AGOTAR STOCK ;487,68;658,37;
OC238;Anabolic Maxx - Acondicionador | Frasco x 250 grs. HASTA AGOTAR STOCK ;530,79;716,57;
;LINEA OTOWIL SALUD E HIGIENE;;;
OC239;Crema Antibacterial | Sobre x 8 grs.  HASTA AGOTAR STOCK;34,69;46,83;
OC240;Crema Antibacterial |Pomo x 60 grs  HASTA AGOTAR STOCK;252,03;340,24;
OC241;Shampoo antibacterial | Frasco x 250 grs  HASTA AGOTAR STOCK;462,44;624,29;
OC242;Acondicionador antibacterial | Frasco x 250 grs  HASTA AGOTAR STOCK;508,69;686,73;
OC243;Crema de limpieza facial Antibacterial | Pomo x 150 grs HASTA AGOTAR STOCK;508,69;686,73;
CA401/4;COQUETERIAS X80ML;1527,5;2138,5;7791600040147
CA470/3;COQUETERIAS FLOWERS X40ML;1348,75;1888,25;7791600047030
CA471/1;COQUETERIAS FLOWERS X80ML;1649,38;2309,13;7791600047115
CA474/7;COQUETERIAS FLOWERS DESODORANTE X123ML;650;910;7791600047474
CA5952/3;MUJERCITAS X40ML;1405,63;1967,88;7791600595234
CA5951/2;MUJERCITAS X80ML;1706,25;2388,75;7791600595128
CA5953/4;MUJERCITAS DESODORANTE X123ML;650;910;7791600595340
CA900/2;MUJERCITAS SOPHIE X50ML;2673,13;3742,38;7791600090029
CA901/3;MUJERCITAS SOPHIE DESODORANTE X123ML;650;910;7791600090135
CA910/4;MUJERCITAS JULIE X50ML;2673,13;3742,38;7791600091040
CA911/5;MUJERCITAS JULIE DESODORANTE X123ML;650;910;7791600091156
CA625/2;MUJERCITAS SUNNY X40ML ;1616,88;2263,63;7791600062521
CA627/4;MUJERCITAS FUNNY X40ML ;1616,88;2263,63;7791600062743
CA626/3;MUJERCITAS SUNNY X102ML AEROSOL;529,28;740,99;7791600062637
CA628/5;MUJERCITAS FUNNY X102ML AEROSOL;529,28;740,99;7791600062859
CA6230/2;MUJERCITAS SUNNY LATA (PERFUME+AEROSOL);2704;3785,6;7791600623029
CA6231/3;MUJERCITAS FUNNY LATA (PERFUME+AEROSOL);2704;3785,6;7791600623135
CA500/9;PIBES X80ML;1495;2093;7791600050092
CA1730/2;PACO X90ML;1543,75;2161,25;7791600173029
CA1731/3;PACO X60ML;1397,5;1956,5;7791600173135
CA1733/5;PACO DESODORANTE X150ML;650;910;7791600173357
CA6201/3;PACO FUTBOL X60ML;2242,5;3139,5;7791600620134
CA6202/4;PACO FUTBOL DESODORANTE X150ML;650;910;7791600620240
CA1273/5;PACO SURF EAU DE TOILETTE  60 ML. c/vap.;2242,5;3139,5;7791600127350
CA1272/3;PACO SURF DESODORANTE X150ML;650;910;7791600127237
CA440/5;DANIELLE X90ML;1503,13;2104,38;7791600044053
CA124/6;DANIELLE JABONERA CON JABON X75GRS;858;1201,2;7791600012465
CA126/8;DANIELLE SHAMPOO X200ML;901,33;1261,86;7791600012687
CA441/6;DANIELLE SET (PERFUME + SHAMPOO);2946,67;4125,34;7791600044169
CA442/7;DANIELLE SET (PERFUME + JABONERA);2946,67;4125,34;7791600044275
CA450/3;DANIELLE JOLIE X90ML;1503,13;2104,38;7791600045036
CA451/4;DANIELLE SET (PERFUME + JABONERA);2946,67;4125,34;7791600045142
CA2926/9;DANIELLE MY LITTLE X90ML C/VAP.;1503,13;2104,38;7791600292690
CA2925/8;DANIELLE MY LITTLE SET (PERFUME + MUÑECO);4966;6952,4;7791600292584
CA9710/4;DANIELLE BOY X100ML;2616,25;3662,75;7791600971045
CA9711/5;DANIELLE GIRL X100ML;2616,25;3662,75;7791600971151
CA9712/6;DANIELLE BABY X100ML;2616,25;3662,75;7791600971267
CA6685/1;FLOWER ROSE X40ML;1803,75;2525,25;7791600668518
CA664/4;FLOWER ROSE DESODORANTE X123ML;705,72;988,01;7791600066444
CA667/2;FLOWER ROSE COLONIA X250ML;1773,58;2483,01;7791600066727
CA8804/3 ;CANNON MUSK DESODORANTE X250ML;807,86;1131;7791600880439
CA8812/5;CANNON MUSK COLONIA X250ML;1560;2184;7791600881252
CA6190/3;CIEL LOVE X30ML;2396,88;3355,63;7791600619039
CA6191/4;CIEL LOVE X60ML;2900,63;4060,88;7791600619145
CA6192/5;CIEL LOVE DESODORANTE X123ML;715;1001;7791600619251
CA301/2;CIEL X50ML;2665;3731;7791600030124
CA302/3;CIEL X80ML;2981,88;4174,63;7791600030230
CA303/4;CIEL DESODORANTE X123ML;742,86;1040;7791600030346
CA304/5;CIEL DESODORANTE X186ML;872,86;1222;7791600030452
CA307/3;CIEL COLONIA X250ML;1857,14;2600;7791600030735
CA9621/5;CIEL ROSE X50ML;2673,13;3742,38;7791600962159
CA9623/7;CIEL ROSE DESODORANTE X123ML;742,86;1040;7791600962371
CA320/2;CIEL D'ETE X50ML;2673,13;3742,38;7791600032029
CA7451/3;EAU DE TOILETTE x 50 ML. C/VAPORIZADOR NUIT 2;2185,63;3059,88;7791600745134
CA7452/4;EAU DE TOILETTE x 50 ML.C/VAPORIZADOR NUIT 3 ;2185,63;3059,88;7791600745240
CA641/2;CIEL NUIT X50ML;2705,63;3787,88;7791600064129
CA642/3;CIEL NUIT X80ML;3144,38;4402,13;7791600064235
CA644/5;CIEL NUIT DESODORANTE X123ML;742,86;1040;7791600064457
CA645/6;CIEL NUIT DESODORANTE X186ML;872,86;1222;7791600064563
CA648/2;CIEL NUIT COLONIA X250ML;1903,58;2665,01;7791600064822
CA240/1;CIEL CRYSTAL X50ML;3364,71;4710,6;7791600024017
CA241/2;CIEL CRYSTAL X80ML;3846,47;5385,05;7791600024123
CA242/3;CIEL CRYSTAL DESODORANTE X123ML;742,86;1040;7791600024239
CA243/4;CIEL CRYSTAL DESODORANTE X186ML;872,86;1222;7791600024345
CA246/8;CIEL CRYSTAL COLONIA X250ML;1903,58;2665,01;7791600024680
CA2660/3;CIEL D'OR X50ML;3081,77;4314,47;7791600266035
CA2662/5;CIEL D'OR DESODORANTE X123ML;742,86;1040;7791600266257
CA8441/2;CIEL PARADISE X50ML;3081,77;4314,47;7791600844127
CA8443/4;CIEL PARADISE X123ML;742,86;1040;7791600844349
CA1540/3;CIEL NOIR X50ML;3364,71;4710,6;7791600154035
CA1541/4;CIEL NOIR X80ML;3846,47;5385,05;7791600154141
CA1542/5;CIEL NOIR DESODORANTE X123ML;742,86;1040;7791600154257
CA1543/6;CIEL NOIR DESODORANTE X186ML;872,86;1222;7791600154363
CA1544/7;CIEL NOIR COLONIA X250ML;1903,58;2665,01;7791600154479
CA2950/2;CIEL MAGIC X50ML;3510;4914;7791600295028
CA2951/3;CIEL MAGIC X80ML;4182,95;5856,12;7791600295134
CA2952/4;CIEL MAGIC DESODORANTE X123ML;742,86;1040;7791600295240
CA2953/5;CIEL MAGIC DESODORANTE X186ML;872,86;1222;7791600295356
CA2954/6;CIEL MAGIC COLONIA X250ML;1903,58;2665,01;7791600295462
CA2435/6;L'EXTREME X40ML;1950;2730;7791600243562
CA2436/7;L'EXTREME DESODORANTE X123ML;742,86;1040;7791600243678
CA370/1;KEVIN X60ML;2798,82;3918,35;7791600037017
CA371/2;KEVIN X100ML;3517,64;4924,7;7791600037123
CA374/5;KEVIN POST AFEITAR X60ML;1865,88;2612,23;7791600037451
CA372/3;KEVIN DESODORANTE X150ML;817,14;1144;7791600037239
CA373/4;KEVIN DESODORANTE X250ML;900,72;1261,01;7791600037345
CA376/3;KEVIN ANTITRANSPIRANTE X177ML;900,72;1261,01;7791600037635
CA375/6;KEVIN COLONIA X170ML;1903,58;2665,01;7791600037567
