11701;ACEITE x 225 ml.;12;419;7798038310231
11726;ALCOHOL EN GEL - Repuesto en Doy Pack x 220 cc.;0;165;7798038314451
11753;ALCOHOL EN GEL x 100 ml. con Tapa;24;159;7798038317186
11739;ALCOHOL EN GEL x 225 ml. con Tapa;0;185;7798038316370
11751;ALCOHOL EN GEL x 225 ml. con Válvula;0;215;7798038317124
11749;ALCOHOL EN GEL x 250 ml. con Tapa;35;199;7798038317100
11750;ALCOHOL EN GEL x 250 ml. con Válvula;35;239;7798038317094
10301;ALGODON SUPER x 100grs.;40;178;7798038310545
10302;ALGODON SUPER x 200grs.;20;379;7798038310552
10303;ALGODON SUPER x 500grs.;10;898;7798038310569
11210;ALICATE PARA BEBE;0;485;7798345760446
11201;ALICATE PARA BEBE CON SOPORTE DE SEGURIDAD;0;525;7798038311498
11376;ALMOHADITA ANATOMICA;50;415;7798038316264
11352;ALMOHADITA CON CUELLO PARA DESCANSO;0;720;7798038319098
11319;ALMOHADITA ESTAMPADA - 4 NUEVOS MODELOS;0;469;7798038313096
11355;ALMOHADITA MINI;0;75;7798038314338
11301;ALMOHADITA OSITO - MODELO NUEVO;20;469;7798038313591
11302;ALMOHADITA RECIEN NACIDO - NUEVO MODELO;30;455;7798038311566
11333;ALMOHADITA VAQUITA - MODELO NUEVO;20;469;7798038313164
11353;ALMOHADON MULTIFUNCION - IDEAL PARA AMAMANTAMIENTO Y DESCANSO;0;3550;7798038319104
10801;ASPIRADOR NASAL CON DOS PICOS;250;328;7798038311122
10802;ASPIRADOR NASAL CON VALVULA Y 2 REPUESTOS;250;328;7798038311139
11354;BABERO BANDANA ESTAMPADO;0;450;7798038318275
11313;BABERO CON CUELLO;200;375;7798038310255
11314;BABERO CON CUELLO BORDADO;200;479;7798038311627
11366;BABERO CON CUELLO CON APLIQUE;150;495;7798038315595
11363;BABERO CON CUELLO Y MINIPELUCHE;100;619;7798038313171
11315;BABERO CON MANGAS;100;559;7798038310248
11320;BABERO CON MANGAS TAMAÑO EXTRA GRANDE;100;625;7798038317285
11310;BABERO DE BRODERIE ESTAMPADO x 12 unidades;0;800;7798038311580
11308;BABERO GRANDE;200;265;7798038310279
11309;BABERO GRANDE BORDADO;200;362;7798038311603
11306;BABERO MEDIANO;300;212;7798038310262
11307;BABERO MEDIANO BORDADO;300;295;7798038311597
11343;BABERO PLASTICO ATADO ATRÁS ESTAMPADO;0;425;7798038318213
11345;BABERO PLASTICO GRANDE ESTAMPADO CON BOLSILLO RECOLECTOR;0;499;7798038318190
11317;BABERO REDONDO CON ABROJO;100;285;7798038312334
11303;BABERO SIN MANGAS ATADO ATRAS;150;335;7798038312730
11365;BABITA COMBINADA POR 5 UNIDADES;0;338;7798038319685
11810;BACINILLA AUTITO;0;859;7798038311917
11826;BACINILLA CON MANGO;22;395;7798038316271
11809;BACINILLA DECORADA;0;755;7798038312860
11841;BACINILLA OSITO;0;859;7798038312068
11811;BACINILLA SAPITO;0;859;7798038311924
11831;BACINILLA SUPER MULTIFUNCION;3;2850;7798038311931
11844;BACINILLA TRICOLOR CON TAPA Y BASE DE SEGURIDAD;0;1298;7798345761276
11930;BANQUITO PLEGABLE PARA NIÑOS - TAMAÑO  MAXI - 285x215x320 cm.;0;1650;7798345760712
11908;BANQUITO PLEGABLE PARA NIÑOS - TAMAÑO  MINI - 285x215x210 cm.;0;1420;7798345760194
11924;BANQUITO PLEGABLE PARA NIÑOS - TAMAÑO MEDIO - 285x215x260 cm.;0;1528;7798345760705
11823;BAÑERA PLASTICA 2D - DOS DIMENSIONES - CON DESAGOTE - 28 LITROS;6;2990;7798038315465
10737;BAÑERA PLASTICA STD - 22 LITROS;6;1290;7798345760637
11816;BAÑERA PLASTICA STD - 24 LITROS;6;2100;7798038317698
11012;BIBERON - PEQUEÑAS DOSIS DE PLASTICO CON TETINA DE SILICONAS x 100 ml.;0;278;7798345760422
11001;BIBERON - PEQUEÑAS DOSIS DE VIDRIO CON TETINA DE SILICONAS x 100 ml.;0;278;7798038314314
11003;BIBERON AGUJERITO ESTAMPADO CON TETINA DE SILICONAS x 125 ml.;60;418;7798038312662
11023;BIBERON ANATOMICO ESTAMPADO CON TETINA DE SILICONAS x 125 ml.;66;418;7798038314802
11004;BIBERON C/AGARRE ESTAMPADO CON TETINA DE SILICONAS x 125 ml.;0;478;7798038311344
11005;BIBERON DE VIDRIO DE BOROSILICATO CON TETINA DE SILICONAS x 125 ml.;0;1100;7798038311368
11040;BIBERON DE VIDRIO TEMPLADO RFZ CON TETINA DE SILICONAS x 120 ml.;0;748;7798038318381
11002;BIBERON DL ESTAMPADO CON TETINA DE SILICONAS x 125 ml.;60;425;7798038312655
10546;BIBERON MEGA (mamadera DL/toallas x50 ultra/toallita de mano/shampo/crema enjuague/jabón glicerinado/jabonera/esponja/sonajero);6;1990;7798038318961
19902;BOLSA DE REGALO PARA MAMADERA GIGANTE - Pack x 12 unid.;30;640;7798038310781
19905;BOLSA DE REGALO PARA MAMADERA GIGANTE - Pack x 50 unid.;10;2450;7798038312990
10837;BOLSAS CONTENEDORAS PARA LECHE MATERNA - Por 30 unidades;0;2690;7798038318596
10508;BOLSITO VIAJERO (esponja/toallas x 50 ultra/mamadera DL/biberón DL/vasito decorado);0;1650;7798038313324
11359;BOLSO CON CAMBIADOR DE JEAN Y CON CUELLO;20;2180;7798038315267
11322;BOLSO CON CAMBIADOR ESTAMPADO CON COBERTURA CRISTAL;20;1790;7798038312792
11304;BOLSO CON CAMBIADOR ESTAMPADO REFORZADO CON COBERTURA CRISTAL;20;2050;7798345760873
22001;BOMBACHA PLASTICA PARA ADULTOS NRO. 1 - CHICA;100;558;7798038311979
22003;BOMBACHA PLASTICA PARA ADULTOS NRO. 3 - GRANDE;100;645;7798038311986
10907;CADENA FINA PORTA CHUPETE - EN BLISTER - 1 unidad;0;155;7798038314222
10919;CADENA FINA PORTA CHUPETE x 9 unid.;100;1050;7798038311238
10932;CADENA GRUESA CON BROCHE - ANIMALITO CON FORMA - EN BLISTER - 1 unidad;0;315;7798038317865
10933;CADENA GRUESA CON BROCHE - ANIMALITO CON FORMA x 9 unid.;100;2190;7798038317872
10923;CADENA GRUESA PORTA CHUPETE - EN BLISTER - 1 unidad;0;155;7798038311276
10920;CADENA GRUESA PORTA CHUPETE x 9 unid.;100;1050;7798038311245
10927;CADENA PORTA CHUPETE CON BROCHE ESTAMPADO - Blister x 1 unidad;0;445;7798038310637
10905;CADENA PORTA CHUPETE CON BROCHE ESTAMPADO x 6 unid.;100;2100;7798038311252
11903;CAJONCITO PORTA OBJETOS CON TAPA SIMIL RATAN;0;442;7798345760538
11387;CAMBIADOR CON APLIQUE;20;649;7798038316691
11384;CAMBIADOR CON TRABA;28;649;7798038317575
11327;CAMBIADOR CON VOLADOS;20;649;7798038311658
11329;CAMBIADOR DE JEAN CON BORDADO;35;649;7798038312204
11326;CAMBIADOR PLASTICO ESTAMPADO;28;359;7798038310293
11328;CAMBIADOR SUPER CON BORDES DE PROTECCIÓN-En Cm.Ancho 37 Largo 58 Altura: centro 3,6 bordes 12,5;1;1530;7798038313607
11361;CAMBIADOR SUPER CON BORDES Y COBERTURA CRISTAL-En Cm.Ancho 37 Largo  Altura: centro , bordes;1;1730;7798038319647
11901;CANASTA CON MANIJA;0;216;7798345760514
10512;CANASTA PORTACOSMETICOS CON PERFUMERIA (toallitas x 50 ultra/shampoo/cr.enjuague/colonia/alcohol en gel/1 jabon/esponja bebé/algodón/jabonera);0;2540;7798038310774
11905;CANASTO TRAMADO;0;698;7798345760552
11906;CANASTO TRAMADO + BANDEJA;0;1100;7798345760569
11203;CEPILLITO PARA LAS UÑAS  - Ballena y Pato;0;438;7798038312723
11211;CEPILLITO PARA LAS UÑAS  - Tren - Tortuga - Vaquita S.A.;0;259;7798345760729
10718;CEPILLO DE DIENTES INFANTIL;0;210;7798038315069
10703;CEPILLO DE DIENTES/MASAJEADOR DE SILICONAS PARA BEBES;200;289;7798038311047
10733;CEPILLO INTEGRADO LIMPIA MAMADERA Y TETINA CON ESPONJA Y BASE CON SUCCION;0;718;7798038319005
10704;CEPILLO LIMPIA MAMADERA;100;365;7798038311054
10734;CEPILLO LIMPIA MAMADERA CON MANGO ROTATIVO MAS LIMPIA TETINAS;0;590;7798038319036
10705;CEPILLO LIMPIA MAMADERA Y TETINA;100;479;7798038311061
10735;CEPILLO LIMPIA TETINAS;0;138;7798038319111
10706;CEPILLO Y PEINE;84;575;7798038310378
11653;CHIFLES DECORADOS - Bolsa por 5 unidades;0;1150;7798038319043
11150;CHUPETE ALIMENTADOR AJUSTABLE CON BULBO DE SILICONAS;0;1100;7798038318640
11151;CHUPETE ALIMENTADOR CON RED;0;1100;7798038318657
11155;CHUPETE BICOLOR CON TETINA DE SILICONAS ANATÓMICO - Blister - T.1/2;0;228;7798038318824
11156;CHUPETE BICOLOR CON TETINA DE SILICONAS REDONDO - Blister - T.1/2;0;228;7798038318848
11148;CHUPETE CARITAS CON TETINA DE SILICONAS - ANATOMICO CON CAPUCHON - En blister;0;570;7798038318398
11154;CHUPETE CARITAS CON TETINA DE SILICONAS - REDONDO CON CAPUCHON - En blister;0;570;7798038318770
11161;CHUPETE CON FLUJO DE AIREACION CON TETINA DE SILICONAS - ANATOMICO - En blister;0;570;7798038318992
11162;CHUPETE CON FLUJO DE AIREACION CON TETINA DE SILICONAS - REDONDO - En blister;0;570;7798038319029
11105;CHUPETE DE SILICONAS COLOR - ANATOMICO - En blister - T.1/2;130;348;7798038312303
11106;CHUPETE DE SILICONAS COLOR - REDONDO - En blister - T.1/2;130;348;7798038312297
11157;CHUPETE DE SILICONAS DE UNA SOLA PIEZA CON CINTA Y BROCHE PORTA CHUPETE - REDONDO - En blister - Talle único;0;890;7798038318893
11124;CHUPETE DE SILICONAS TRANSPARENTE - ANATOMICO - En blister - T.1/2/3;130;530;7798038313935
11125;CHUPETE DE SILICONAS TRANSPARENTE - REDONDO - En blister - T.1/2/3;130;530;7798038313942
11109;CHUPETE DECORADO CON TETINA DE SILICONAS ANATOMICO - En blister;130;285;7798038310415
11110;CHUPETE DECORADO CON TETINA DE SILICONAS REDONDO - En blister;130;285;7798038313546
11111;CHUPETE LUMINOSO CON TETINA DE SILICONAS ANATOMICO - En blister;130;265;7798038312402
11112;CHUPETE LUMINOSO CON TETINA DE SILICONAS REDONDO - En blister;130;265;7798038313553
10934;CINTA PORTA CHUPETE CON BROCHE REFORZADO - Blister x 1 unidad;100;345;7798038318763
10931;CINTA PORTA CHUPETES CON MINIPELUCHE DE TELA - Cajita x 1 unidad;93;649;7798038312198
10730;COLCHÓN DE ESPUMA ANTIDESLIZANTE ;0;1490;7798038318831
10721;COLCHON FLOTADOR PARA BAÑAR AL BEBE;0;1120;7798038316035
11332;COLCHON PARA CUNA  DE 0,60 x 1,20 x 0,08 STD;1;3590;7798038317056
11348;COLCHON PARA CUNA  DE 0,70 x 1,00 x 0,08 STD;1;3590;7798038317643
11748;COLONIA CON TAPA x 225 ml. - Dulce Fragancia;12;299;7798038316875
11747;COLONIA CON TAPA x 225 ml. - Suave Fragancia;12;299;7798038316868
11703;COLONIA CON VALVULA ATOMIZADORA x 225 ml. - Dulce Fragancia;12;345;7798038313195
11702;COLONIA CON VALVULA ATOMIZADORA x 225 ml. - Suave Fragancia;12;345;7798038310200
11782;CREMA ENJUAGUE CON VALVULA x 225 ml.;0;279;7798345760118
11704;CREMA ENJUAGUE x 225 ml.;12;245;7798038310224
10676;CUBIERTOS DE APRENDIZAJE FLEXIBLES - CUCHARA Y TENEDOR;0;1150;7798345760323
22006;CUBRE COLCHON 1 PLAZA - Medida: 1,90 x 0,80 x 0,20;30;1380;7798038311993
22007;CUBRE COLCHON 2 PLAZAS - Medida: 1,90 x 1,40 x 0,20;20;1680;7798038312006
22012;CUBRE COLCHON 2 PLAZAS Y MEDIA - Medida: 2,00 x 1,50 x 0,30;20;1820;7798345760491
22011;CUBRE COLCHON PARA MOISES - Medida: 0,78 x 0,40 x 0,04;0;75;7798038310613
10668;CUCHARA AUTO ADMINISTRABLE DE SILICONAS CON RECARGA;0;1640;7798038318909
10679;CUCHARA CUBIERTA DE SILICONAS;0;648;7798345760866
10605;CUCHARA DE ACERO INOXIDABLE;0;285;7798038310309
10628;CUCHARA DE SILICONAS CON PUNTA CURVA;0;390;7798038317506
10604;CUCHARA DE SILICONAS CON PUNTA RECTA;0;390;7798038312631
10602;CUCHARA Y TENEDOR DE PLASTICO DECORADO;0;255;7798038310835
11383;DELANTAL PLASTICO CON APLIQUE;0;245;7798038316424
11787;DIFUSOR AROMATIZANTE x 100 cc.;0;199;7798345760071
20213;DISADUL - C/Gel extra grande x 20 unid.;6;1290;7798038316813
20212;DISADUL - C/Gel grande x 20 unid.;6;1190;7798038316806
20305;DISADUL - REFUERZA PAÑAL x 10 unid.;12;315;7798038310705
20206;DISADUL-TOALLAS PARA INCONTINENCIA URINARIA LEVE x 10unid.;12;275;7798038312563
10306;DISPITA-APOSITO POST PARTO CON DOBLE PROTECCION x 10unid.;12;275;7798038310729
10664;DOSIFICADOR DE LECHE EN POLVO CON 4 CAVIDADES;0;675;7798038315571
10662;DOSIFICADOR DE LECHE EN POLVO/ALIMENTOS DE 3 PISOS;0;1130;7798038318442
10707;ESPONJA ANATOMICA FAMILIAR;80;135;7798038311078
10708;ESPONJA CON FORMA PARA BEBE;100;135;7798038311085
10513;ESTUCHE DE REGALO CON ACCESORIOS (babero estamp. /vasito decorado /pta.chupetes/chupete);8;1650;7798038312259
10523;ESTUCHE DE REGALO CON CONFECCIONES (Manta de interlock/Babero/Gorrito de algodón);0;1650;7798038313089
11163;ESTUCHE PROTECTOR PARA CHUPETE - MODELO OREJITAS;0;528;7798038319067
11127;ESTUCHE PROTECTOR PORTA CHUPETE;0;410;7798038314796
10842;FORMADOR DE PEZON;0;535;7798038318732
10938;GANCHO PORTA BOLSAS MULTI USO REFORZADO - Hasta 20 Kgs.- Por 2 unidades;0;725;7798038319678
10317;GASA NO TEJIDA Nro 5 - 10 sobres de 2 compresas de 20x20 dobladas a 10x10 cm.;0;0;7798345761290
10318;GASA NO TEJIDA Nro 5 - Dispenser de 50 sobres de 2 compresas de 20x20 dobladas a 10x10 cm.;0;0;7798345761283
11780;GEL ANTIBACTERIAL PARA MANOS x 30 ml. - Con cubierta de siliconas;0;162;7798038317728
11373;GORRITO DE ALGODÓN;0;265;7798038316103
10849;GUANTE MORDILLO MASAJEADOR - De siliconas/Facilita la dentición;0;1225;7798345760477
11709;JABON CON GLICERINA LIQUIDO CON VALVULA x 225 ml.;0;268;7798038312532
11708;JABON CON GLICERINA LIQUIDO x 225 ml.;12;215;7798038310538
11790;JABON DE GLICERINA NEUTRO x 90 grs. - LA CAJA POR 16 UNIDADES;1;1780;7798345760460
11712;JABON DE GLICERINA x 90 grs.;36;129;7798038314970
11713;JABON GLICERINADO x 90 grs.;60;97;7798038314987
10709;JABONERA PLASTICA;0;145;7798038313409
10756;JABONERA PLASTICA DE DOS PIEZAS;0;145;7798345760026
10610;JUEGO DE PLATOS PLAYO Y HONDO DECORADOS CON SUCCION Y CUBIERTOS CON BABERO DE REGALO;0;989;7798038310866
10760;KIT DE HIGIENE - (toallón/shampoo/crema enj./baño liq./jabón/jabonera/esponja);0;3250;7798345760897
10727;KIT DE HIGIENE DENTAL - CEPILLO + PASTA DENTAL x 100 grs.;0;355;7798038318336
10850;KIT DE LACTANCIA/BASE PLASTICA (saca leche ergonom./mamadera boca ancha plast./prot.mamario (6)/bolsas contened.(4)/protector (2)/aireador (2)/formador(2)/pezonera de silic.(2)/toallita de mano/cepillo limpia mamad./valija multiuso);0;6250;7798345760736
10851;KIT DE LACTANCIA/BASE VIDRIO (saca leche ergonom./mamadera boca ancha de vidrio/prot.mamario (6)/bolsas contened.(4)/protector (2)/aireador (2)/formador(2)/pezonera de silic.(2)/toallita de mano/cepillo limpia mamad./valija multiuso);0;6250;7798345760743
10852;KIT DE LACTANCIA/SACA LECHE-RECOLECTOR (saca leche-recolector de siliconas/mamadera boca ancha plast./prot.mamario (6)/bolsas contened.(4)/protector (2)/aireador (2)/formador(2)/pezonera de silic.(2)/toallita de mano/cepillo limpia mamad./valija multiuso);0;5420;7798345760750
70011;LGZ-ALMOHADITA ESTAMPADA;0;489;7798345760811
70017;LGZ-BABERO BANDANA ESTAMPADO;0;465;7798345760910
70015;LGZ-BABERO CON CUELLO;0;385;7798345760774
70016;LGZ-BABERO CON MANGAS;0;565;7798345760903
70014;LGZ-BABERO GRANDE;0;265;7798345760798
70013;LGZ-BABERO MEDIANO;0;215;7798345760781
70005;LGZ-BIBERON ESTAMPADO CON TETINA DE SILICONAS x 125 ml.;0;435;7798345760682
70019;LGZ-CREMA ENJUAGUE x 225 ml.;0;265;7798345760651
70021;LGZ-JABON LIQUIDO X 225 ml.;0;245;7798345760668
70022;LGZ-KIT DE HIGIENE - (toallón/shampoo/crema enj./baño liq./jabón/jabonera/esponja);0;3380;7798345760880
70006;LGZ-MAMADERA ESTAMPADA CON TETINA DE SILICONAS x 250 ml.;0;479;7798345760699
70001;LGZ-MAMADERA GIGANTE CON ACCESORIOS (mamadera lgz/biberón lgz/Toallitas humedecidas/vasito decorado/jabonera/babero estampado/esponja/porta mamadera);0;3250;7798345760606
70009;LGZ-PORTA MAMADERA DECORADO;0;285;7798345760804
70018;LGZ-SHAMPOO x 225 ml.;0;265;7798345760644
70004;LGZ-TOALLAS HUMEDAS - DOY PACK x 100 unid.;0;198;7798345760675
70003;LGZ-TOALLAS HUMEDAS - ULTRA GRUESAS x 50 unid.;0;239;7798345760613
70012;LGZ-TOALLON CON CAPUCHA ESTAMPADA;0;1420;7798345760828
70008;LGZ-VASO DECORADO TRASLUCIDO DOBLE ASA CON TETINA DE SILICONAS;0;558;7798345760620
31203;LIMA TREBOL POR 3 unid.;0;320;7798038316127
11009;MAMADERA AGUJERITO ESTAMPADA CON TETINA DE SILICONAS x 250 ml.;40;475;7798038312686
11020;MAMADERA ANATOMICA ESTAMPADA CON TETINA DE SILICONAS x 250 ml.;48;475;7798038314383
11027;MAMADERA ANGULAR x 330 ml. TRANSPARENTE;0;718;7798038312105
11011;MAMADERA CON AGARRE ESTAMPADA CON TETINA DE SILICONAS x 250 ml.;36;520;7798038311399
11036;MAMADERA DE BOCA ANCHA CON ANTIDESLIZANTE Y TETINA DE DE SILICONAS x 240 ml. TONALIZADA;30;428;7798038317926
11034;MAMADERA DE BOCA ANCHA DE VIDRIO TEMPLADO CON TETINA DE SILICONAS x 250 ml;12;495;7798038317612
11026;MAMADERA DE BOCA ANCHA ESPECIAL DE SILICONAS C/TETINA DE SILICONAS x 240 cc.;0;1450;7798038312112
11057;MAMADERA DE BOCA ANCHA ESTAMPADA CON TETINA DE DE SILICONAS x 250 ml. TONALIZADA;30;475;7798345760392
11050;MAMADERA DE BOCA ANCHA RENO CON TETINA DE SILICONAS Y AGARRE ANTIDESLIZANTE x 250 ml.;0;1750;7798345760330
11014;MAMADERA DE VIDRIO DE BOROSILICATO CON TETINA DE SILICONAS x 250 ml.;15;1200;7798038311412
11019;MAMADERA DE VIDRIO TEMPLADO STD CON TETINA DE SILICONAS x 250 ml.;15;858;7798038314024
11008;MAMADERA DL ESTAMPADA CON TETINA DE SILICONAS x 250 ml.;48;465;7798038312679
11032;MAMADERA DX ESTAMPADA CON TETINA DE SILICONAS x 250 ml.;48;449;7798038313119
10510;MAMADERA GIGANTE CON ACCESORIOS (mamadera osito/mamadera DL/Toallitas x 50 ultra/vasito decorado/jabón/jabonera/shampoo/peine/cepillo limpia mamadera/chupete/sonajero/esponja/porta mamadera);6;2980;7798038310804
10511;MAMADERA GIGANTE CON PERFUMERIA (shampoo/cr.enjuague/colonia/aceite/jabón líquido/2 jabones/toallitas x 50 ultra/esponja/vasito decorado/porta mamadera);6;3150;7798038313331
10544;MAMADERA MAXI CON ACCESORIOS (mamadera DL/biberón DL/vasito decorado/sonajero/esponja);6;1750;7798038317834
11010;MAMADERA OSITO x 250 ml.;40;475;7798038310385
11016;MAMADERA TERMICA CON TETINA DE SILICONAS - CONSULTAR OFERTA;0;1190;7798038311306
11370;MANTA PARA BEBE DE INTERLOCK;40;899;7798038315908
11336;MEDIAS PARA BEBE;0;545;7798038312037
11378;MEDIAS PARA BEBE LABRADAS;0;545;7798038313188
11337;MOCHILA PORTA BEBE;30;1650;7798038311702
11393;MOCHILA PORTA BEBE DE JEAN;20;2150;7798038317049
11316;MOISES DE VIAJE DE JEAN;20;5650;7798038311634
10806;MORDILLO BLANDO OSO/LEON;200;198;7798038311160
10824;MORDILLO CON CHIFLE ABEJITA;130;345;7798038314789
10855;MORDILLO DE SILICONAS JIRAFITA;0;1100;7798345760859
10840;MORDILLO REFRIGERANTE ELEFANTITO;0;275;7798038318688
10853;MORDILLO REFRIGERANTE HAMBURGUESA;200;235;7798345760767
10833;MORDILLO REFRIGERANTE MANITOS;110;275;7798038317452
10834;MORDILLO REFRIGERANTE OSITO;70;275;7798038317520
10805;MORDILLO REFRIGERANTE OSO STD;200;235;7798038310392
10841;MORDILLO REFRIGERANTE TRICOLOR;0;495;7798038318695
10816;MORDILLO/SONAJERO BLANDO - BOLSA POR 24 unidades;0;999;7798038313492
10547;NUEVA CANASTA DE BAÑO (toallitas x 50 ultra/shampoo/cr.enjuague/jabón líquido/alcohol en gel/1 jabón/2 esponja familiar/1 sonajero);0;1850;7798345760507
11723;OLEO CALCAREO CON ALOE VERA x 1 litro;6;548;7798038313782
11721;OLEO CALCAREO CON ALOE VERA x 250 ml. ;12;242;7798038313768
11722;OLEO CALCAREO CON ALOE VERA x 500 ml. ;12;362;7798038313775
11720;OLEO CALCAREO x 1 litro ;6;510;7798038311887
11718;OLEO CALCAREO x 250 ml. ;12;219;7798038311863
11719;OLEO CALCAREO x 500 ml. ;12;328;7798038311870
11338;ORGANIZADOR DE TELA;0;200;7798038311559
11919;ORGANIZADOR GRANDE CON TAPA Y CIERRE RETRACTIL - 30x23x22 cm.;0;765;7798345760590
11920;ORGANIZADOR MAXI CON TAPA Y RUEDAS - 52x39x32  cm.;0;2150;7798345760224
11918;ORGANIZADOR MEDIANO CON TAPA Y CIERRE RETRACTIL - 25x19x18 cm.;0;649;7798345760583
10429;PAÑOS JABONOSOS DESCARTABLES - DINICLEAN - 10 unidades de 20 x 20 cm.;20;545;7290016533033
10416;PAÑUELOS DESCARTABLES - 6 paquetes x 10 unidades;48;238;7798038316172
10426;PAÑUELOS DESCARTABLES - Caja x 75 unidades;48;228;7798038312471
11724;PASTA DENTAL PARA NIÑOS Sabor Tutti Frutti - Pomo x 100 grs.;0;225;7798038313911
11755;PEINE DE ACERO PARA PIOJOS CON LUPA;0;1050;7798038317322
10716;PEINE PARA BEBE - Por 12 unidades;1000;1025;7798038314307
11117;PEZONERA DE SILICONAS - Por 2 unidades;0;475;7798038311450
10702;PINZA AGARRA MAMADERA ANTIDESLIZANTE;100;145;7798038311030
10839;PINZA EXTRACTORA DE USO MULTIPLE;0;189;7798038318633
10666;PLATO CON AGARRE Y CON PISADOR;0;1050;7798038318701
10661;PLATO CON TAPA, SUCCION Y CUCHARA INCORPORADA;0;940;7798038318350
10680;PLATO CONEJO;0;428;7798345761207
10609;PLATO HONDO DECORADO C/SUCCION Y C/CUBIERTOS;0;545;7798038310859
10685;PLATO MANZANA;0;298;7798345761252
10682;PLATO MIXTO (Sapito + Conejo);0;745;7798345761221
10686;PLATO NUBE;0;298;7798345761269
10671;PLATO PLAYO DECORADO C/CUBIERTOS;0;545;7798345760019
10681;PLATO SAPITO;0;428;7798345761214
10670;PLATO TERMICO CON SENSOR DE TEMPERATURA Y CUCHARA - En caja;0;2490;7798038318947
10611;PLATO TERMICO INVOLCABLE CON CUBIERTOS;22;1295;7798038310873
10683;PLATO x 2 (Playo + Hondo);0;479;7798345761238
10684;PLATO x 3 (Playo + 2 Hondos);0;628;7798345761245
11342;PORTA ENFANT;10;1290;7798038311719
10614;PORTA MAMADERA CON FUNDA PLASTICA;28;420;7798038310903
10613;PORTA MAMADERA DECORADO;40;275;7798038310897
60019;PP-ALMOHADITA ESTAMPADA;20;495;7798038318053
60023;PP-BABERO CON CUELLO;0;372;7798038318022
60022;PP-BABERO GRANDE;0;260;7798038318015
60021;PP-BABERO MEDIANO;0;215;7798038318008
60020;PP-CAMBIADOR CON APLIQUE;20;675;7798038318046
60016;PP-CEPILLO Y PEINE;0;585;7798038318077
60012;PP-CHUPETE DECORADO CON TETINA DE SILICONAS ANATOMICO;0;295;7798038318114
60015;PP-PLATO TERMICO DECORADO INVOLCABLE CON CUBIERTOS;0;1490;7798038318084
60014;PP-PORTA MAMADERA DECORADO;40;282;7798038318091
60003;PP-TOALLAS HUMEDAS - DOY PACK CON FORMA x 80 unid.;24;189;7798038317971
60004;PP-TOALLAS HUMEDAS - ULTRA GRUESAS x 50 unid.;24;238;7798038317995
60017;PP-TOALLON CON CAPUCHA ESTAMPADA;25;1460;7798038318060
60008;PP-VASO DECORADO ANTIDERRAME CON TAPA A ROSCA Y SORBITO;0;545;7798038318176
60005;PP-VASO DECORADO TRASLUCIDO PARA JUGO;54;268;7798038318183
11803;PROTECTOR DE LLUVIA PARA COCHECITOS CON VENTANAS;35;1720;7798038311894
11825;PROTECTOR DE LLUVIA PARA COCHECITOS STD;30;1490;7798038316011
11167;PROTECTOR DE PEZÓN ALIMENTADOR CON TETINA DE SILICONAS INTEGRADA;0;535;7798345760347
11397;PROTECTOR DE SUEÑOS - EN DOS PIEZAS;20;1250;7798038316929
10308;PROTECTOR MAMARIO x 30 unid.;12;475;7798038310743
10822;PROTECTOR/AIREADOR PARA PEZONES (2 juegos);24;550;7798038314161
10616;RALLADOR PARA ALIMENTOS;0;289;7798038310927
10809;REDUCTOR DE INODORO;24;648;7798038311177
10825;REDUCTOR DE INODORO CON AGARRE, RESPALDO Y GUIAS AJUSTABLES;22;1320;7798038315120
11152;REPUESTO DE RED PARA ALIMENTADOR x 4 unidades;0;999;7798038318725
10812;SACA LECHE CON BIBERON;0;910;7798038311191
10832;SACA LECHE CON BOMBA;24;1450;7798038313461
10829;SACA LECHE DE DOBLE CILINDRO;0;925;7798038316042
10835;SACA LECHE ERGONOMICO DE EXTRACCION SIMPLE - CON MAMADERA DE VIDRIO;9;3290;7798038317704
10830;SACA LECHE ERGONOMICO DE EXTRACCION SIMPLE - CON MAMADERA TONALIZADA;9;3290;7798038312235
10811;SACA LECHE STD;90;385;7798038313454
10843;SACA LECHE/RECOLECTOR DE LECHE DE SILICONAS CON BASE;0;2100;7798038318954
11386;SALIDA DE BAÑO INFANTIL - Talles Grande/Extra Grande;20;1990;7798038310620
11344;SALIDA DE BAÑO INFANTIL - Talles Pequeño/Mediano;25;1740;7798038312822
10711;SENSOR DE TEMPERATURA PARA BAÑERA - PEZ;0;945;7798038311115
10524;SET DE ALIMENTACION (plato playo/plato hondo/vasito decorado/cuchara/tenedor/sonajero/babita);0;1350;7798038314291
11208;SET DE TIJERITA, ALICATE Y LIMA - En Blister;0;1050;7798038317902
11204;SET DE TIJERITA, ALICATE, CEPILLITO Y LIMA - En Blister;0;1295;7798038311528
10543;SET OSITO MINI (vaso decor./cepillo p-pelo/peine/cepillo de uñas/jabon glicerinado/sonajero);10;1350;7798038317803
11786;SHAMPOO CON AVENA CON VALVULA x 225 ml.;12;279;7798345760033
11785;SHAMPOO CON AVENA x 225 ml.;12;245;7798038318244
11784;SHAMPOO CON VALVULA x 225 ml.;12;279;7798345760095
11705;SHAMPOO x 225 ml.;12;245;7798038310217
11907;SILLITA INFANTIL SUPER REFORZADA;0;1295;7798345760576
11608;SONAJERO BOLITA;0;325;7798038313881
11606;SONAJERO CUNERO ELEFANTITOS;0;499;7798038310361
11607;SONAJERO CUNERO PAJARITOS;0;499;7798038311856
11605;SONAJERO CUNERO PELOTITAS;0;420;7798038316110
11615;SONAJERO DE MANO ELEFANTE;0;365;7798038316455
11614;SONAJERO DE MANO OSITO;0;365;7798038316448
11617;SONAJERO DE MANO PERRITO;0;365;7798038316479
11618;SONAJERO DE MANO VAQUITA;0;365;7798038316486
11649;SONAJERO FORMITAS;0;259;7798038317445
10521;SUPER BIBERON (biberón DL/vasito decorado/jabon glicerinado/cepillo limpia mamad./sonajero/peine/cuchara/tenedor);12;1540;7798038314437
10536;SUPER OSITO DE ACCESORIOS (mamadera/biberon/vasito decorado/shampoo/portachupetes/esponja/sonajero);6;2250;7798038310125
10534;SUPER OSITO DE PERFUMERIA (shampoo/crema enj./jabón líquido/mamadera osito/vasito decorado/sonajero);6;2250;7798038317247
11120;TETINA DE SILICONA - Por 4 unidades - En Blister;0;475;7798038312716
11119;TETINA DE SILICONA CHICA/MEDIANA/GRANDE - En blister;0;215;7798038310446
11121;TETINA DE SILICONA PARA MAMADERA DE BOCA ANCHA - Por 2 unidades en blister;0;415;7798038311481
11137;TETINA MAMARIA DE SILICONAS -  Estuche Por 2 unidades;93;385;7798038312129
11139;TETINA PARA JUGO DE SILICONAS -  Estuche Por 2 unidades;93;465;7798038312143
11202;TIJERITA PARA BEBE;300;565;7798038311504
11207;TIJERITA PARA BEBE CON MANGO PLASTICO;300;649;7798038318251
10422;TOALLAS HUMEDAS DISADUL - PARA LA HIGIENE DIARIA x 60 unid.;12;395;7798038317216
10407;TOALLAS HUMEDAS DISADUL - ULTRAGRUESAS PARA LA HIGIENE DIARIA x 40 unid.;12;349;7798038314154
10424;TOALLAS HUMEDAS DISPITA - CON CAJA CONTENEDORA - ULTRA GRUESAS x 50 unid.;11;499;7798038315922
10423;TOALLAS HUMEDAS DISPITA - OSITO x 100 unid.;12;475;7798038317315
10425;TOALLAS HUMEDAS DISPITA - REPUESTO ECONOMICO x 120 unid. - CON MANZANILLA - Celeste;24;199;7798038311955
10411;TOALLAS HUMEDAS DISPITA - REPUESTO x 100 unid. - CON ALOE VERA Y VITAMINA E - Verde;24;195;7798038315854
10410;TOALLAS HUMEDAS DISPITA - REPUESTO x 100 unid. - CON CALENDULA  Y VITAMINA A - Roja y Blanca;24;195;7798038315847
10409;TOALLAS HUMEDAS DISPITA - REPUESTO x 100 unid. - CON LANOLINA Y VITAMINA E - Anaranjada;24;195;7798038315830
10402;TOALLAS HUMEDAS DISPITA - REPUESTO x 100 unid. - CON MANZANILLA - Celeste;24;195;7798038310040
10403;TOALLAS HUMEDAS DISPITA - TUBO x 100 unid. - CON MANZANILLA - Celeste;12;385;7798038310071
10420;TOALLAS HUMEDAS DISPITA - ULTRA GRUESAS x 50 unid.;24;235;7798038316912
11356;TOALLITA DE MANO 20 X 30;0;159;7798038314321
11341;TOALLON CON CAPUCHA BORDADO OSITO;30;1720;7798038317438
11346;TOALLON CON CAPUCHA ESTAMPADA;30;1390;7798038311726
11351;TOALLON DE COLOR CON CAPUCHA;30;1450;7798038318268
11375;TOALLON DE COLOR CON CAPUCHA + ESPONJA Y BOLSA PLASTICA DE REGALO DE REGALO;0;1450;7798038316295
11350;TOALLON EXTRA GRANDE CON CAPUCHA;0;1450;7798038318497
10677;VASO 360 ANTIDERRAME Y CON AGARRE x 210 ml.;0;1590;7798345760354
10660;VASO ANTIDERRAME CON AGARRE Y TRABA x 260 ml.;0;1590;7798038318299
10658;VASO ANTIDERRAME CON ANTIDESLIZANTE Y PAJITA DE SILICONAS x 240 ml.;38;552;7798038317933
10655;VASO DE APRENDIZAJE CON AGARRE Y TETINA DE SILICONAS x 250 ml.;30;545;7798038317667
10657;VASO DE APRENDIZAJE CON ANTIDESLIZANTE Y TETINA DE SILICONAS x 240 ml.;30;545;7798038317940
10669;VASO DE ENTRENAMIENTO ANTIDERRAME;0;1290;7798038318886
10667;VASO DE TRANSICION ANTI GOTEO CON AGARRE Y TAPA;0;1420;7798038318749
10652;VASO DECORADO ANTIDERRAME CON TAPA A ROSCA Y PAJITA DE SILICONAS;0;589;7798038317032
10647;VASO DECORADO ANTIDERRAME CON TAPA A ROSCA Y SORBITO;0;525;7798038316196
10618;VASO DECORADO PARA JUGO;128;239;7798038310934
10625;VASO DECORADO TRASLUCIDO DOBLE ASA CON PAJITA DE SILICONAS ANTIDERRAME;54;610;7798038313379
10619;VASO DECORADO TRASLUCIDO DOBLE ASA CON SORBITO;72;415;7798038310965
10626;VASO DECORADO TRASLUCIDO DOBLE ASA CON TETINA DE SILICONAS;54;540;7798038312501
10623;VASO DECORADO TRASLUCIDO PARA JUGO;128;258;7798038310989
