7790010960021;Aceite Bebé con Aloe y Vitamina E Johnsons Baby 200 Cc;293,78
7790010959797;Aceite Bebé Puro Johnsons Baby 200 Cc;295,79
7798180960636;Acondicionador 7 Hierbas Detox Alta Moda É 300ml;160,70
7791274198182;Acondicionador Aguacate Y Argan Algabo 930ml;104,35
7791293031149;Acondicionador Balance Sedal 650ml;277,15
7791293039862;Acondicionador Brillo Ceramidas Botella Suave 930 Ml;160,48
7791274198199;Acondicionador Coco Y Leche Algabo 930ml;104,35
7791293030654;Acondicionador Crema Balance Sedal 190 Ml;152,70
7500435012515;Acondicionador Cuidado Clásico Pantene 400ml;331,45
7790740502454;Acondicionador Hidratación Plusbelle 1lt;129,35
7791274198205;Acondicionador Manzanilla Y Magnolia Algabo 930ml;104,35
7790740502423;Acondicionador Nutrición Creme Plusbelle 1 Lt;166,50
7798180960711;Acondicionador Para Cabellos Teñidos Alta Moda É 300ml;160,70
7798180960292;Acondicionador Para Todo Tipo De Cabello Alta Moda É 300ml;160,70
7791293004976;Acondicionador Reconstrucción Dove 400 Cc;283,50
7898587761925;Acondicionador Reparacion Total 5 Elvive 200 Cc;233,96
7791293040516;Acondicionador Suavidad Manzana Suave 930ml;115,10
7790139000721;Alcohol Bialcohol Etilico 500 Ml;125,10
7790139100971;Alcohol en Gel con Glicerina Bialcohol 500 Ml;312,30
7798062050233;Alcohol En Gel Doy Pack Germex 250ml;113,05
7791130003612;Alcohol en Gel Original Espadol 50 Ml;131,90
7791293040240;Alcohol En Gel Sin Perfume Rexona 300ml;289,20
7791274199028;Alcohol En Gel Ultra Doy Pack Algabo 220ml;132,85
7791274198991;Alcohol En Gel Ultra Pocket 70° Algabo 70ml;99,00
7790139000400;Alcohol Etilico Bialcohol 1 Lt;231,48
7791274199288;Alcohol Spray Con Glicerina Algabo 125ml;129,25
7790064001909;Algodón Discos Redondos Estrella 80 Un;148,80
7790064000124;Algodón Estrella Clásico 140 Gr;165,92
8480017134332;Algodón Hidrofilo Bonté 300 Gr;248,40
7790940000026;Algodón Hidrófilo Clásico Doncella 140gr;99,90
7790940000033;Algodón Hidrófilo Súper Doncella 100gr;80,15
7790940000040;Algodón Hidrófilo Súper Doncella 200gr;150,25
7790064001718;Algodón Super Estrella 200 Gr;251,58
7702003469299;Apósitos Transpiel 20 Uni Curitas 20un;75,25
7798344320030;Cepillo Dental Adulto 2-Life IBC 1un;47,95
7798344320429;Cepillo Dental Adulto Sustentable Plástico Reciclado 2Life 1un;57,60
5900273001566;Cepillo Dental Colgate Extra Clean 1 Un;99,00
7891528091716;Cepillo Dental Doctor Kolynos 2 Un;94,28
7891024024386;Cepillo Dental Essential Soft Colgate 1un;73,55
7798344320436;Cepillo Dental Infantil Sustentable Plástico Reciclado 2Life 1un;58,70
7702010631207;Cepillo Dental Triple Accion Colgate 2 Un;164,44
7509546012100;Cepillo Zigzag Suave Colgate 2 Un;183,60
7501056330491;Crema Antiarrugas Rejuveness Pond's 100 Gr;302,70
7791274004421;Crema Corporal Aloe Y Manzanilla Algabo 200ml;141,10
7791274004414;Crema Corporal Avena y Karité Algabo 200ml;141,10
4005808352630;Crema Corporal Hidratación Express - Piel Normal A Seca Nivea 250ml;249,30
7791293033006;Crema Corporal Humectante Avena y Karite St Ives 350 Ml;277,20
7791274004407;Crema Corporal Miel y Almendras Algabo 200ml;141,10
7794640171291;Crema Corporal Piel Seca Vitamina A Hinds Botella 350 Ml;285,93
7891024123027;Crema Dental Luminous White Colgate 90 Gr;232,80
7791293034454;Crema Dental Menthol Paradise Close Up 90 Gr;200,25
7891024124628;Crema Dental Sens Proalivio Blanqueador Colgate 110 Gr;371,00
7794640171550;Crema Dental Sensodyne Rapido Alivio 100 Gr;506,70
7793742007897;Crema Dermaglós Facial Pote 50 Gr;914,85
7501056326142;Crema Humectante Pond's Pote 100 Gr;225,00
7794640171222;Crema Piel Seca Vitamina A Hinds Botella 250 Ml;222,30
7501056330330;Crema Pond's Bio-Hidratante Pote 100 Ml;230,30
7790520009593;Desinfectante de Ambiente Original Aerosol Lysoform 390 Ml;179,10
7501056324889;Desmaquillador Crema C Pond's Pote 100 Gr;239,04
7791293041094;Desodorante Aerosol Musk Axe 150 Ml;210,13
7791293022819;Desodorante Antitranspirante en Aerosol Dove Invisible Dry 89 Gr;217,58
7791969016012;Desodorante Antitranspirante en Aerosol Nivea Natural Fresh 150 Ml;182,25
4005900122186;Desodorante Deo Protect & Care Fem Nivea 150ml;130,00
7791293041643;Desodorante Football Fanatics Men Rexona 150ml;130,00
7791293041131;Desodorante Gold Vainilla Axe 150ml;130,00
7791969029807;Desodorante Men Deo Sensitive Nivea 150ml;130,00
7791293032481;Desodorante Mujer en Aerosol Rexona Invisible 150 Ml;153,90
7791969247478;Desodorante Para Pies En Aerosol Efecto Refrescante Curitas 150ml;170,30
77961631;Desodorante Roll On Plusbelle Care 50ml;95,15
7791274198793;Enjuague Bucal Algabo 250ml;139,25
4005900071279;Espuma de Afeitar Nivea Original Hidratante 200 Ml;211,05
3014260273903;Espuma de Afeitar Regular en Aerosol Foamy 322 Ml;275,04
7791274196546;Fécula Para Bebé Talquera Algabo 200gr;132,60
4005808229123;Gel de Afeitar Nivea Sensitive 200 Ml;292,44
7790940216212;Higiénicas p/Menstruantes Pocket Normal C/Alas Duopack Sin Deo Doncel;76,15
8480017134356;Hisopos Bonte 125 Un;125,99
7702031241522;Hisopos Cotonetes Jhonsons 100 Un;99,55
7794626002007;Incontinencia Adultos Apósito Adulto Incontinencia Leve Multiuso Plenitud 1;115,60
7794626999314;Incontinencia Adultos Toalla Femenina 2 En 1 Kotex 8un;169,75
7791274198434;Jabón Bebé Flow Pack Algabo Baby 80gr;54,10
7791293031934;Jabón de Tocador Acqua Bamboo Fresh Rexona 125 Gr;48,60
7891024028636;Jabón de Tocador Coco y Algodón Palmolive 125 Gr;52,22
7791293037646;Jabón De Tocador Flor De Vainilla Lux 125gr;52,35
7791293037592;Jabón De Tocador Flor De Vainilla X3 Lux 375gr;143,05
7791293038063;Jabón de Tocador Flores Blancas Suave 90 Gr;32,74
7791293031958;Jabón de Tocador Nutri Active Fresh Rexona 125 Gr;48,60
7791293037103;Jabón De Tocador Original Antibacterial X3 Rexona 270gr;128,90
7791293037080;Jabón De Tocador Original Rexona 90gr;51,00
7790990586969;Jabón De Tocador Pureza Cremosa X3 Limol 270gr;76,40
7791293031927;Jabón de Tocador Sensible Fresh Rexona 125 Gr;46,80
7791293037554;Jabón Jazmín Lux 3 Un 125 Gr;165,07
7791290790957;Jabón Líquido Baja Espuma Doypack Ala 3 Lt;604,35
7791274000881;Jabón Líquido De Manos Antibacterial - Doy Pack Algabo 300ml;115,75
7798062052022;Jabón Líquido De Manos Antibacterial Almendras Doy Pack Germex 250ml;90,50
7798062052039;Jabón Líquido De Manos Antibacterial Jazmín Doy Pack Germex 250ml;90,50
7798062052015;Jabón Líquido De Manos Antibacterial Maracuyá Doy Pack Germex 250ml;90,50
7791274193408;Jabón Líquido De Manos Con Válvula - Citrus Algabo 300ml;143,85
7791274193415;Jabón Líquido De Manos Con Válvula - Floral Rain Algabo 300ml;143,85
7791274193392;Jabón Líquido De Manos Con Válvula - Green Tea Algabo 300ml;143,85
7791274196010;Jabón Líquido De Manos Doypack Citrus Algabo 300ml;80,25
7791274196003;Jabón Líquido De Manos Doypack Floral Rain Algabo 300ml;80,25
7791274196041;Jabón Líquido De Manos Doypack Green Tea Algabo 300ml;80,25
7791293037547;Jabón Rosas Francesas Lux 3 Un 125 Gr;166,16
7791293027708;Jabón Tocador Blanco Dove Cream 90 Gr;85,50
7795323002437;Leche en Polvo Infantil en Lata Nutrilón Profutura 2 800 Gr;1669,50
7613035494787;Leche en Polvo Infantil Nestle Nido Fortigrow 400 Gr;275,40
7613035375093;Leche en Polvo Instantánea Soluble Modificada Softpack Svelty 400 Gr;281,10
7798095171059;Leche En Polvo Modificada Instantánea Con Vitaminas Formidable 800gr;426,20
7613035715769;Leche en Polvo Nutrición Balanceada La Lechera 400 Gr;248,70
7795323002116;Leche Infantil La Serenísima Baby 1 200 Cc;49,67
7795323002130;Leche Infantil La Serenísima Crecer Plus 3 200 Ml;45,31
7795323002475;Leche Infantil Nutrilon Profutura Premium 2 200 Ml;84,87
7501009225003;Máquina de Afeitar Excel Gillette 2 Un;192,60
7500435160674;Máquina Para Afeitar Prestobarba Azul Gillette 5un;348,10
7798344320498;Mascara Facial Protectora  2Life 1un;236,90
8480017125965;Óleo Calcáreo Babys 500 Ml;202,50
7798062051933;Óleo Calcáreo Doypack Sanicare 500ml;149,55
7500435133371;Pañal G Supersec Pampers 22 Un;371,68
7500435133449;Pañal G Supersec Pampers 46 Un;670,77
7500435134798;Pañal M Supersec Pampers 26 Un;368,48
7500435133357;Pañal Supersec Pampers 30 Un;413,46
7790064004085;Pañal XG Hiper Estrella 36 Un;938,30
7500435133388;Pañal XG Supersec Pampers 18 Un;377,01
7500435130905;Pañal XXG Supersec Pampers 16 Un;371,68
7794626008276;Pañales Descartables Active Sec Recién Nacido Huggies 20un;403,50
7500435168656;Pañales Descartables Supersec Talle G Pampers 22un;418,90
7500435168663;Pañales Descartables Supersec Talle M Pampers 26un;418,90
7500435168670;Pañales Descartables Supersec Talle P Pampers 30un;459,40
7500435168649;Pañales Descartables Supersec Talle Xg Pampers 18un;418,90
7500435168632;Pañales Descartables Supersec Talle Xxg Pampers 16un;418,90
7794626009228;Pañales Descartables Triple Protección G Huggies 22un;418,90
7794626009211;Pañales Descartables Triple Protección M Huggies 26un;418,90
7794626999888;Pañales Descartables Triple Protección P Huggies 34un;463,00
7794626009235;Pañales Descartables Triple Protección Xg Huggies 18un;418,90
7794626009242;Pañales Descartables Triple Protección Xxg Huggies 17un;418,90
7790250912736;Pañales Descartables Ultrasec Talle G Babysec 22un;388,05
7790250912712;Pañales Descartables Ultrasec Talle M Babysec 26un;388,05
7790250044376;Pañales Descartables Ultrasec Talle Xg Babysec 18un;388,05
7790250044383;Pañales Descartables Ultrasec Talle Xxg Babysec 16un;388,05
7790250044505;Pañales Talle G Ultra Sec Babysec 40 Un;793,60
7790250044499;Pañales Talle M Ultra Sec Babysec 40 Un;793,92
7790250054283;Pañuelos Descartables Box Elite 75 Un;71,04
7791070000764;Pañuelos Descartables Doble Hoja Campanita Box 75un;51,45
7790250054276;Pañuelos Descartables Doble Hoja Max Suavidad en Caja Elite 100 Un;123,37
7790250054764;Pañuelos Descartables Minipocket Elite 6un;57,95
7791828900094;Pañuelos Descartables Pocket Disney Felpita 6 Un;169,59
7791070003482;Pañuelos Descartables Pocket Triple Pliego Campanita 60 Un;71,10
7506339363883;Pasta Dental 123 Mint Oral-B 70gr;100,45
7791199000515;Pasta Dental 2 Fluor Fresh Dent 140gr;134,00
7509546665948;Pasta Dental Dientes Blanco Odol 90gr;94,30
7509546665979;Pasta Dental Frescura 123 Kolynos 90gr;94,10
7791199002458;Pasta Dental Kid´S Con Flúor, Sabor Tutti Frutti Fresh Dent 90gr;91,10
7793100111891;Pasta Dental Ultra Blanqueadora Colgate 90gr;173,05
7791519200045;Preservativo Superfino Prime 3 Un;199,80
7791014001512;Preservativos Clásicos Tulipán 6 Un;231,60
7791014001536;Preservativos Super Finos Tulipán 6 Un;230,39
7791014121906;Preservativos Ultra Finos Tulipán 6un;218,15
7790250097266;Protector Diario Clásicos Con Gel Absorbente Ladysoft 20un;83,60
7790940233264;Protector Diario Pocket Anatómico C/Deo Doncella 20un;59,30
7790940233240;Protector Diario Pocket Anatómico S/Deo Doncella 20un;59,30
7790010616782;Protector Diario Protección S/P Carefree 20un;147,35
7790940233004;Protector Diario Tanga Doncella 20un;60,70
4005808555604;Protector Solar Protect & Bronze FPS 15 - Loción Nivea 200ml;779,00
4005900901552;Protector Solar Protect & Hydrate FPS 40 - Loción Nivea 200ml;810,00
7793620003515;Protectores Diarios Classic sin Perfume Kotex 20 Un;139,47
7790010616829;Protectores Diarios Compact sin Perfume Carefree 20 Un;110,10
7790416066624;Quitaesmalte Cutex Hipoalergenico Botella 50 Ml;81,36
7702018316687;Rasuradora Minora Plus Fg Gillette 5 Un;193,50
7790520990075;Repelente Aerosol Fuyi 165ml;108,65
7790520009494;Repelente Family Active Aerosol Off 165 Cc;142,20
7791274198755;Repelente Kids Vais 200ml;140,45
7791274195952;Repelente Líquido En Spray Vais 200ml;124,10
7506339315899;Repuesto Máquina Afeitar Venus Breeze Gillette 2 Un;401,40
7500435012669;Shampoo 2 En 1 - Con Acondicionador Pantene 400ml;331,45
7798180960629;Shampoo 7 Hierbas Detox Alta Moda É 300ml;160,70
7791293039848;Shampoo Brillo Ceramidas Suave 930 Ml;160,48
7791293030777;Shampoo Ceramidas Sedal 340 Ml;199,75
7791293031033;Shampoo Ceramidas Sedal 650 Ml;358,76
7791293027104;Shampoo Crema Balance Sedal 350 Ml;202,50
7791293031064;Shampoo Crema Balance Sedal 650ml;277,15
7791293040554;Shampoo Crema Nutrición Coco Botella Suave 930 Ml;160,61
7500435012478;Shampoo Cuidado Clásico Max Pro V Pantene 200 Ml;215,10
7500435012485;Shampoo Cuidado Clásico Pantene 400ml;331,45
7891150050488;Shampoo Hidratacion Intensa Dove 400 Ml;330,34
7790740505561;Shampoo Hidratación Plusbelle 1lt;129,35
7791274192326;Shampoo Para Bebé Extra Suave Algabo Baby 444ml;147,20
7790010681636;Shampoo para Bebé Fragancia Prolongada Johnsons Baby 200 Ml;171,90
7790010540278;Shampoo Para Bebé Fragancia Prolongada Johnsons Baby 400ml;336,80
7798180960704;Shampoo Para Cabellos Teñidos Alta Moda É 300ml;160,70
7898587761864;Shampoo Reparación Total 5 Elvive Loreal Paris 200 Ml;237,42
7791293031125;Shampoo Restauracion Instantanea Sedal 650 Ml;361,85
7791293040561;Shampoo Suavidad Manzana Suave 930ml;115,10
7791274198045;Talco Corporal Clásico Algabo 180gr;112,25
7791274198069;Talco Corporal Suave Algabo 180gr;112,25
7891010032241;Talco Johnsons Baby Original Bot 200 Gr;215,94
7793620002129;Tampones Medio Evolution Kotex 16 Un;240,67
7891010604905;Tampones Medio Helix Ob 20 Un;233,10
7891010245559;Tampones Medio O.B. 8 Un;135,77
7891010245580;Tampones Super O.B. 16 Un;233,33
662425027132;Tampones Tamaño Medio Intima 16un;140,10
662425026821;Tampones Tamaño Medio Intima 8un;79,70
662425026791;Tampones Tamaño Mini Intima 8un;79,70
662425027149;Tampones Tamaño Super Intima 16un;140,10
662425026845;Tampones Tamaño Super Intima 8un;79,70
7790770003136;Toalla Calipso Normal Gel 8 Un;51,75
7790010596602;Toalla Femenina Fit con Alas Siempre Libre 16 Un;208,31
7790010595698;Toalla Femenina Fit con Alas Siempre Libre 8 Un;119,70
7790250099123;Toalla Femenina Normal Suave Aloe con Alas Ladysoft 8 Un;63,00
7790250098058;Toalla Femenina Ultra Delgada Suave con Alas Ladysoft 8 Uni;91,80
7790010669085;Toallas Higiénicas p/Menstruantes Especial Uf Siempre Libre 8un;109,40
7793620003249;Toallas Higiénicas p/Menstruantes Normal Con Alas Kotex 8un;97,20
7790250099116;Toallas Higiénicas p/Menstruantes Normal Ulatraseca Con Alas Ladysoft 8u;65,25
7790940216236;Toallas Higiénicas p/Menstruantes Pocket Ultrafinas Tela Suave Doncella 8u;53,80
7500435023337;Toallas Higiénicas p/Menstruantes Protección Plus Suave Always 16un;137,60
7798062051896;Toallas Húmedas Doy Pack Sanicare 100un;142,90
7798062051902;Toallas Húmedas Flow Pack Sanicare 100un;192,40
7790010570367;Toallitas Femeninas Siempre Libre Ultrafinas 8 Un;98,46
7790250031420;Toallitas Húmedas Babysec 70 Un;124,86
7891010568764;Toallitas Húmedas Dulce Sueños Johnsons Baby 48 Un;207,60
7891010568771;Toallitas Húmedas para Bebé Johnsons Baby 48 Un;206,10
